building_id,date,organic_kg,recyclable_kg,ewaste_kg,general_kg
LHC,2026-01-01,10.55,11.85,2.09,6.87
LHC,2026-01-02,11.16,9.43,2.04,7.61
LHC,2026-01-03,3.53,4.84,0.74,2.87
LHC,2026-01-04,4.23,3.66,1.89,2.59
LHC,2026-01-05,8.74,13.89,2.36,6.46
LHC,2026-01-06,8.95,12.55,1.04,5.56
LHC,2026-01-07,8.31,13.72,2.55,5.47
LHC,2026-01-08,9.95,15.83,1.76,8.14
LHC,2026-01-09,8.9,12.91,2.14,5.41
LHC,2026-01-10,4.21,5.81,2.26,2.25
LHC,2026-01-11,3.09,5.43,1.17,2.17
LHC,2026-01-12,11.42,14.16,1.75,4.79
LHC,2026-01-13,8.4,15.94,1.94,7.59
LHC,2026-01-14,12.23,8.8,1.87,6.81
LHC,2026-01-15,7.02,11.98,1.67,5.46
LHC,2026-01-16,10.83,13.8,1.68,4.42
LHC,2026-01-17,3.65,4.55,1.14,2.62
LHC,2026-01-18,3.71,6.71,1.64,3.31
LHC,2026-01-19,6.57,13.83,1.75,5.91
LHC,2026-01-20,6.28,14.71,1.95,6.99
LHC,2026-01-21,8.43,11.35,1.59,8.05
LHC,2026-01-22,8.64,12.88,1.66,4.18
LHC,2026-01-23,8.51,14.11,1.36,7.72
LHC,2026-01-24,3.1,4.34,1.65,3.8
LHC,2026-01-25,3.21,4.64,1.2,1.91
LHC,2026-01-26,6.63,12.63,0.76,7.5
LHC,2026-01-27,11.67,16.79,1.39,7.01
LHC,2026-01-28,7.8,6.03,1.73,5.59
LHC,2026-01-29,12.72,11.13,1.75,7.59
LHC,2026-01-30,9.68,12.25,1.87,7.19
LHC,2026-01-31,3.45,3.71,1.73,3.26
LHC,2026-02-01,4.36,6.59,1.11,3.29
LHC,2026-02-02,4.57,13.94,1.83,6.79
LHC,2026-02-03,5.38,12.91,1.86,8.11
LHC,2026-02-04,11.44,12.4,2.02,8.63
LHC,2026-02-05,7.6,15.67,1.59,6.54
LHC,2026-02-06,9.31,15.64,2.12,6.63
LHC,2026-02-07,2.83,6.93,1.45,2.42
LHC,2026-02-08,4.26,6.02,1.56,2.39
LHC,2026-02-09,8.58,14.85,1.35,6.45
LHC,2026-02-10,7.59,15.77,1.26,7.44
LHC,2026-02-11,9.09,12.05,2.35,6.95
LHC,2026-02-12,6.91,18.9,2.02,6.12
LHC,2026-02-13,9.2,15.87,1.73,8.08
LHC,2026-02-14,3.7,4.98,1.56,2.14
LHC,2026-02-15,3.43,5.48,1.68,3.65
LHC,2026-02-16,7.26,17.86,1.7,3.56
LHC,2026-02-17,11.31,13.3,2.19,5.96
LHC,2026-02-18,8.34,15.69,0.74,5.82
LHC,2026-02-19,6.3,10.91,2.23,5.46
LHC,2026-02-20,7.7,5.92,1.21,2.6
LHC,2026-02-21,3.83,6.27,1.7,1.89
LHC,2026-02-22,3.57,5.9,1.33,2.01
LHC,2026-02-23,10.75,10.28,1.71,6.81
LHC,2026-02-24,11.71,19.8,1.24,5.18
LHC,2026-02-25,9.3,13.65,1.78,5.75
LHC,2026-02-26,7.67,13.3,1.64,5.24
LHC,2026-02-27,8.81,13.35,1.8,6.67
LHC,2026-02-28,4.45,6.14,0.7,2.59
LHC,2026-03-01,4.53,4.49,1.62,2.97
LHC,2026-03-02,9.46,12.75,1.52,6.12
LHC,2026-03-03,7.87,16.35,1.36,10.16
LHC,2026-03-04,6.52,14.15,1.13,7.97
LHC,2026-03-05,7.1,16.9,1.83,5.45
LHC,2026-03-06,8.55,15.04,1.93,7.73
LHC,2026-03-07,3.52,7.84,2.04,2.23
LHC,2026-03-08,3.71,7.79,1.68,2.78
LHC,2026-03-09,8.46,10.78,1.46,6.71
LHC,2026-03-10,6.46,11.41,1.93,5.26
LHC,2026-03-11,8.84,15.08,1.73,9.07
LHC,2026-03-12,8.62,13.85,2.28,6.02
LHC,2026-03-13,9.16,14.12,1.44,8.27
LHC,2026-03-14,1.92,5.0,1.82,2.26
LHC,2026-03-15,3.09,5.08,2.16,2.88
LHC,2026-03-16,8.93,10.59,1.59,4.98
LHC,2026-03-17,5.25,12.67,0.44,6.5
LHC,2026-03-18,11.24,18.12,1.89,8.28
LHC,2026-03-19,8.6,11.72,1.72,8.0
LHC,2026-03-20,9.94,13.79,0.92,4.12
LHC,2026-03-21,3.7,6.87,0.99,2.96
LHC,2026-03-22,4.06,5.97,1.07,1.81
LHC,2026-03-23,7.46,14.1,1.17,6.62
LHC,2026-03-24,8.74,12.86,1.57,5.53
LHC,2026-03-25,10.25,11.06,1.59,6.09
LHC,2026-03-26,7.98,13.62,1.4,7.16
LHC,2026-03-27,9.78,8.34,1.67,7.42
LHC,2026-03-28,3.69,6.36,1.65,2.07
LHC,2026-03-29,4.82,6.01,0.92,2.44
LHC,2026-03-30,8.3,14.98,1.86,7.1
LHC,2026-03-31,10.11,14.89,0.49,5.59
LHC,2026-04-01,4.67,11.43,1.39,5.02
LHC,2026-04-02,8.34,14.6,1.59,6.1
LHC,2026-04-03,7.09,15.32,1.81,8.48
LHC,2026-04-04,3.06,3.42,1.69,1.68
LHC,2026-04-05,3.58,4.19,1.43,1.93
LHC,2026-04-06,7.88,11.47,1.56,8.56
LHC,2026-04-07,9.64,12.38,1.99,7.26
LHC,2026-04-08,4.67,11.91,1.25,6.24
LHC,2026-04-09,8.48,12.74,1.92,9.03
LHC,2026-04-10,8.96,13.6,2.06,4.47
LHC,2026-04-11,2.94,5.26,1.41,3.04
LHC,2026-04-12,3.28,5.64,2.26,3.11
LHC,2026-04-13,13.52,12.7,1.45,7.58
LHC,2026-04-14,9.06,12.99,1.22,7.08
LHC,2026-04-15,8.14,14.03,1.22,7.61
LHC,2026-04-16,7.8,12.0,0.86,8.56
LHC,2026-04-17,8.4,14.38,0.74,7.69
LHC,2026-04-18,1.94,7.14,1.29,2.77
LHC,2026-04-19,3.44,5.42,1.34,2.93
LHC,2026-04-20,13.45,13.15,2.39,8.22
LHC,2026-04-21,9.8,16.42,2.35,4.2
LHC,2026-04-22,8.72,18.06,1.42,6.3
LHC,2026-04-23,8.18,12.93,1.27,6.92
LHC,2026-04-24,6.44,12.84,1.44,4.36
LHC,2026-04-25,3.47,6.25,1.32,2.32
LHC,2026-04-26,3.59,6.5,1.65,3.21
LHC,2026-04-27,8.43,13.62,1.76,6.98
LHC,2026-04-28,6.79,12.14,0.76,7.21
LHC,2026-04-29,10.45,15.54,1.25,5.62
LHC,2026-04-30,9.41,13.11,2.19,5.3
LHC,2026-05-01,8.36,10.39,1.19,7.34
LHC,2026-05-02,3.56,4.67,2.37,2.49
LHC,2026-05-03,3.75,3.54,1.16,2.19
LHC,2026-05-04,12.06,10.24,1.76,7.16
LHC,2026-05-05,10.7,11.72,1.93,4.94
LHC,2026-05-06,8.88,16.28,1.07,6.37
LHC,2026-05-07,10.55,11.41,1.92,7.02
LHC,2026-05-08,7.37,11.31,0.54,6.55
LHC,2026-05-09,3.34,6.52,1.41,2.35
LHC,2026-05-10,3.15,4.22,2.11,3.45
LHC,2026-05-11,7.3,11.33,1.29,5.64
LHC,2026-05-12,9.27,14.67,0.74,8.88
LHC,2026-05-13,9.19,10.4,1.07,5.57
LHC,2026-05-14,8.89,19.33,2.22,6.62
LHC,2026-05-15,8.73,10.16,1.48,6.95
LHC,2026-05-16,2.98,3.87,1.67,2.42
LHC,2026-05-17,3.54,6.29,1.29,1.58
LHC,2026-05-18,9.26,15.95,1.28,6.84
LHC,2026-05-19,6.28,7.43,1.88,4.95
LHC,2026-05-20,7.46,13.41,1.68,6.33
LHC,2026-05-21,10.04,8.68,1.51,6.45
LHC,2026-05-22,9.76,10.89,1.61,7.07
LHC,2026-05-23,4.03,7.19,1.07,2.39
LHC,2026-05-24,2.08,3.19,1.71,2.76
LHC,2026-05-25,11.1,16.98,0.84,5.58
LHC,2026-05-26,9.49,15.12,1.03,4.71
LHC,2026-05-27,8.51,9.54,1.63,6.76
LHC,2026-05-28,7.78,8.89,1.45,7.6
LHC,2026-05-29,8.03,11.33,0.94,6.43
LHC,2026-05-30,2.55,6.3,1.48,2.54
LHC,2026-05-31,3.26,4.4,1.7,2.72
LHC,2026-06-01,3.37,3.81,0.69,1.44
LHC,2026-06-02,2.2,4.1,0.66,1.63
LHC,2026-06-03,1.95,4.69,0.66,1.16
LHC,2026-06-04,2.85,3.72,0.36,1.68
LHC,2026-06-05,2.05,3.51,0.58,2.26
LHC,2026-06-06,1.3,1.37,0.53,0.75
LHC,2026-06-07,0.99,1.74,0.58,0.74
LHC,2026-06-08,2.18,3.67,0.38,1.85
LHC,2026-06-09,2.21,4.67,0.52,2.08
LHC,2026-06-10,2.15,3.84,0.47,1.79
LHC,2026-06-11,1.86,4.89,0.58,1.99
LHC,2026-06-12,2.22,4.3,0.58,1.57
LHC,2026-06-13,0.91,1.24,0.44,0.57
LHC,2026-06-14,0.86,1.02,0.44,0.77
LHC,2026-06-15,1.99,3.73,0.27,1.43
LHC,2026-06-16,2.67,3.47,0.61,1.79
LHC,2026-06-17,2.46,3.9,0.47,1.81
LHC,2026-06-18,2.24,2.03,0.44,1.44
LHC,2026-06-19,2.53,4.29,0.24,2.13
LHC,2026-06-20,0.98,1.31,0.53,0.7
LHC,2026-06-21,0.88,1.0,0.43,0.82
LHC,2026-06-22,2.06,3.87,0.27,1.46
LHC,2026-06-23,2.04,2.43,0.42,2.05
LHC,2026-06-24,2.66,3.54,0.42,1.52
LHC,2026-06-25,3.35,3.22,0.46,1.79
LHC,2026-06-26,2.0,2.94,0.64,2.29
LHC,2026-06-27,1.01,1.25,0.53,0.72
LHC,2026-06-28,0.77,1.57,0.74,0.59
LHC,2026-06-29,2.72,4.03,0.68,1.23
LHC,2026-06-30,2.0,3.49,0.62,1.47
GAL,2026-01-01,23.06,5.21,0.07,8.22
GAL,2026-01-02,24.33,4.12,0.12,10.62
GAL,2026-01-03,10.78,1.2,0.11,2.66
GAL,2026-01-04,9.28,2.26,0.11,3.21
GAL,2026-01-05,19.8,3.32,0.11,9.01
GAL,2026-01-06,33.93,4.75,0.09,6.12
GAL,2026-01-07,25.94,5.96,0.09,8.79
GAL,2026-01-08,34.3,5.29,0.12,7.96
GAL,2026-01-09,26.34,4.86,0.15,10.73
GAL,2026-01-10,10.96,2.37,0.13,4.61
GAL,2026-01-11,8.87,1.99,0.15,3.49
GAL,2026-01-12,27.56,5.3,0.12,8.92
GAL,2026-01-13,23.06,4.72,0.12,8.38
GAL,2026-01-14,30.54,5.99,0.1,9.74
GAL,2026-01-15,28.43,5.61,0.06,8.02
GAL,2026-01-16,23.53,5.57,0.13,9.7
GAL,2026-01-17,10.14,2.67,0.09,3.31
GAL,2026-01-18,12.47,1.98,0.09,3.83
GAL,2026-01-19,24.86,6.77,0.13,7.25
GAL,2026-01-20,21.18,4.81,0.16,9.63
GAL,2026-01-21,21.79,7.03,0.16,9.32
GAL,2026-01-22,16.56,5.49,0.11,11.9
GAL,2026-01-23,29.47,5.74,0.12,11.42
GAL,2026-01-24,9.97,2.41,0.11,2.83
GAL,2026-01-25,8.53,2.25,0.1,2.78
GAL,2026-01-26,28.0,6.34,0.08,7.49
GAL,2026-01-27,19.32,5.41,0.13,7.15
GAL,2026-01-28,26.75,4.12,0.13,6.93
GAL,2026-01-29,21.84,6.41,0.13,11.59
GAL,2026-01-30,40.98,4.27,0.14,3.84
GAL,2026-01-31,9.51,1.77,0.09,3.64
GAL,2026-02-01,8.95,2.41,0.11,4.77
GAL,2026-02-02,26.29,6.07,0.1,10.13
GAL,2026-02-03,16.95,7.2,0.06,8.36
GAL,2026-02-04,29.03,7.05,0.1,8.0
GAL,2026-02-05,32.92,7.81,0.09,7.28
GAL,2026-02-06,19.77,4.0,0.11,8.53
GAL,2026-02-07,13.05,2.1,0.04,3.4
GAL,2026-02-08,10.5,2.33,0.09,3.46
GAL,2026-02-09,23.87,3.66,0.13,6.85
GAL,2026-02-10,22.74,8.06,0.08,7.51
GAL,2026-02-11,34.43,3.41,0.02,8.2
GAL,2026-02-12,30.4,7.54,0.12,11.09
GAL,2026-02-13,32.1,5.64,0.11,9.08
GAL,2026-02-14,15.13,2.19,0.02,2.52
GAL,2026-02-15,12.6,1.67,0.1,3.9
GAL,2026-02-16,32.59,5.98,0.08,3.92
GAL,2026-02-17,22.43,4.41,0.1,5.85
GAL,2026-02-18,28.19,6.83,0.1,10.49
GAL,2026-02-19,22.51,6.24,0.09,9.19
GAL,2026-02-20,21.08,7.05,0.08,9.37
GAL,2026-02-21,16.0,2.01,0.09,3.04
GAL,2026-02-22,13.64,2.67,0.14,4.84
GAL,2026-02-23,20.22,5.6,0.09,7.3
GAL,2026-02-24,32.16,4.96,0.15,10.37
GAL,2026-02-25,22.51,5.64,0.12,11.55
GAL,2026-02-26,19.77,6.51,0.13,9.33
GAL,2026-02-27,35.53,3.59,0.09,7.36
GAL,2026-02-28,11.26,2.32,0.1,2.49
GAL,2026-03-01,14.4,2.41,0.09,2.89
GAL,2026-03-02,35.91,8.21,0.16,9.63
GAL,2026-03-03,34.84,6.35,0.07,10.42
GAL,2026-03-04,35.58,3.71,0.07,7.57
GAL,2026-03-05,32.36,4.14,0.09,9.28
GAL,2026-03-06,24.41,6.32,0.13,5.63
GAL,2026-03-07,9.99,2.47,0.15,3.96
GAL,2026-03-08,11.47,1.74,0.11,3.86
GAL,2026-03-09,35.49,6.53,0.08,12.54
GAL,2026-03-10,28.59,5.61,0.13,9.51
GAL,2026-03-11,28.38,5.4,0.07,9.91
GAL,2026-03-12,25.44,4.84,0.11,8.79
GAL,2026-03-13,35.0,7.78,0.07,8.76
GAL,2026-03-14,10.83,2.14,0.09,3.75
GAL,2026-03-15,11.18,1.63,0.07,3.97
GAL,2026-03-16,25.45,5.07,0.11,10.26
GAL,2026-03-17,43.89,5.27,0.14,11.23
GAL,2026-03-18,18.09,7.38,0.1,6.5
GAL,2026-03-19,33.38,8.33,0.07,9.47
GAL,2026-03-20,32.53,4.44,0.07,10.74
GAL,2026-03-21,12.52,2.94,0.14,3.78
GAL,2026-03-22,11.77,2.53,0.07,3.15
GAL,2026-03-23,23.03,4.04,0.09,10.77
GAL,2026-03-24,18.79,5.78,0.12,9.15
GAL,2026-03-25,31.57,3.89,0.1,8.62
GAL,2026-03-26,30.06,6.17,0.1,10.47
GAL,2026-03-27,30.79,6.65,0.12,9.91
GAL,2026-03-28,8.04,3.14,0.08,2.7
GAL,2026-03-29,13.05,2.16,0.12,3.03
GAL,2026-03-30,29.57,5.62,0.13,8.51
GAL,2026-03-31,33.37,4.36,0.14,11.81
GAL,2026-04-01,32.39,5.63,0.16,8.19
GAL,2026-04-02,34.94,7.2,0.06,10.33
GAL,2026-04-03,32.31,2.83,0.02,6.9
GAL,2026-04-04,10.66,2.52,0.11,4.1
GAL,2026-04-05,11.57,1.85,0.12,3.59
GAL,2026-04-06,31.29,5.69,0.13,10.94
GAL,2026-04-07,24.94,5.28,0.06,13.27
GAL,2026-04-08,25.7,5.15,0.08,7.41
GAL,2026-04-09,34.5,5.78,0.09,6.18
GAL,2026-04-10,30.43,4.67,0.1,8.67
GAL,2026-04-11,14.22,2.58,0.13,2.61
GAL,2026-04-12,13.2,2.6,0.11,3.38
GAL,2026-04-13,30.1,4.68,0.11,9.58
GAL,2026-04-14,34.87,5.61,0.06,8.57
GAL,2026-04-15,39.12,5.51,0.1,10.34
GAL,2026-04-16,19.64,6.11,0.08,10.43
GAL,2026-04-17,20.27,5.77,0.17,9.74
GAL,2026-04-18,12.71,2.55,0.16,4.09
GAL,2026-04-19,11.7,2.47,0.12,3.37
GAL,2026-04-20,26.02,5.75,0.12,7.76
GAL,2026-04-21,24.42,7.36,0.13,10.92
GAL,2026-04-22,26.43,5.1,0.12,8.05
GAL,2026-04-23,24.7,6.08,0.11,6.21
GAL,2026-04-24,28.96,5.65,0.07,9.69
GAL,2026-04-25,10.79,2.37,0.07,2.43
GAL,2026-04-26,8.42,2.15,0.07,4.86
GAL,2026-04-27,34.1,5.01,0.11,7.85
GAL,2026-04-28,34.02,4.55,0.07,7.05
GAL,2026-04-29,24.49,5.19,0.11,10.46
GAL,2026-04-30,30.96,5.68,0.15,9.56
GAL,2026-05-01,27.51,6.0,0.16,7.7
GAL,2026-05-02,10.19,2.27,0.14,2.61
GAL,2026-05-03,10.13,2.72,0.09,4.55
GAL,2026-05-04,36.27,5.07,0.1,9.54
GAL,2026-05-05,24.72,5.17,0.07,7.31
GAL,2026-05-06,36.91,5.84,0.08,8.9
GAL,2026-05-07,32.31,6.14,0.15,8.4
GAL,2026-05-08,22.3,6.54,0.1,8.5
GAL,2026-05-09,8.36,1.74,0.15,4.54
GAL,2026-05-10,12.81,1.88,0.09,3.12
GAL,2026-05-11,39.49,5.84,0.1,6.73
GAL,2026-05-12,33.23,4.87,0.08,7.45
GAL,2026-05-13,27.22,5.73,0.06,8.58
GAL,2026-05-14,25.03,4.64,0.12,8.57
GAL,2026-05-15,17.29,4.52,0.11,6.86
GAL,2026-05-16,7.92,2.71,0.14,3.24
GAL,2026-05-17,10.14,2.32,0.06,3.28
GAL,2026-05-18,31.07,4.38,0.12,10.14
GAL,2026-05-19,29.72,7.62,0.15,6.99
GAL,2026-05-20,25.59,5.76,0.08,9.87
GAL,2026-05-21,34.31,4.34,0.08,6.82
GAL,2026-05-22,23.42,4.88,0.1,8.11
GAL,2026-05-23,10.86,1.4,0.09,4.13
GAL,2026-05-24,11.18,1.53,0.09,3.65
GAL,2026-05-25,23.37,5.96,0.15,7.55
GAL,2026-05-26,30.48,4.42,0.1,9.45
GAL,2026-05-27,20.16,6.14,0.07,9.68
GAL,2026-05-28,29.58,4.48,0.07,9.7
GAL,2026-05-29,15.65,5.89,0.13,9.18
GAL,2026-05-30,11.77,1.33,0.08,3.16
GAL,2026-05-31,7.8,1.91,0.11,2.52
GAL,2026-06-01,6.82,1.26,0.04,1.66
GAL,2026-06-02,8.03,1.45,0.04,2.99
GAL,2026-06-03,6.01,1.43,0.03,1.55
GAL,2026-06-04,6.2,1.53,0.02,2.31
GAL,2026-06-05,7.35,1.4,0.03,2.56
GAL,2026-06-06,2.41,0.66,0.04,1.21
GAL,2026-06-07,3.88,0.81,0.05,0.71
GAL,2026-06-08,6.78,1.55,0.03,1.94
GAL,2026-06-09,6.89,1.72,0.04,2.15
GAL,2026-06-10,7.13,1.7,0.03,1.51
GAL,2026-06-11,7.25,1.32,0.03,3.15
GAL,2026-06-12,8.37,1.33,0.03,1.91
GAL,2026-06-13,3.62,0.55,0.04,1.21
GAL,2026-06-14,3.76,0.67,0.04,1.1
GAL,2026-06-15,8.03,1.2,0.01,2.96
GAL,2026-06-16,7.66,1.18,0.03,2.49
GAL,2026-06-17,5.98,1.2,0.03,2.27
GAL,2026-06-18,7.39,1.39,0.02,2.18
GAL,2026-06-19,5.25,1.75,0.02,1.98
GAL,2026-06-20,2.2,0.64,0.04,1.18
GAL,2026-06-21,2.79,0.62,0.03,0.85
GAL,2026-06-22,6.65,1.25,0.03,2.78
GAL,2026-06-23,6.09,1.55,0.02,1.8
GAL,2026-06-24,7.19,1.19,0.04,2.32
GAL,2026-06-25,6.57,1.31,0.03,2.58
GAL,2026-06-26,2.87,1.17,0.03,1.98
GAL,2026-06-27,3.31,0.34,0.03,0.77
GAL,2026-06-28,2.76,0.51,0.05,1.0
GAL,2026-06-29,7.31,1.73,0.05,2.56
GAL,2026-06-30,7.33,1.94,0.03,2.39
ATR,2026-01-01,4.98,11.15,0.7,4.58
ATR,2026-01-02,7.37,10.88,0.9,4.82
ATR,2026-01-03,2.32,2.39,0.75,2.15
ATR,2026-01-04,2.25,4.83,0.81,2.02
ATR,2026-01-05,4.69,7.72,0.68,5.16
ATR,2026-01-06,4.62,7.35,0.79,3.97
ATR,2026-01-07,5.37,7.25,0.74,3.02
ATR,2026-01-08,5.34,8.05,1.14,4.62
ATR,2026-01-09,5.75,8.51,0.62,4.82
ATR,2026-01-10,1.85,3.55,0.21,1.8
ATR,2026-01-11,2.06,2.44,0.72,1.83
ATR,2026-01-12,3.74,10.34,0.85,4.44
ATR,2026-01-13,6.32,8.98,0.57,3.14
ATR,2026-01-14,5.18,7.56,0.67,4.89
ATR,2026-01-15,6.14,10.9,0.78,3.35
ATR,2026-01-16,5.01,7.92,0.98,3.82
ATR,2026-01-17,2.33,3.68,0.99,1.37
ATR,2026-01-18,1.68,3.95,0.75,1.56
ATR,2026-01-19,6.51,8.16,0.75,4.78
ATR,2026-01-20,6.35,10.49,1.05,4.19
ATR,2026-01-21,5.57,8.82,0.57,4.34
ATR,2026-01-22,4.83,7.01,0.87,4.08
ATR,2026-01-23,4.43,8.64,0.3,5.13
ATR,2026-01-24,1.82,3.71,1.08,1.72
ATR,2026-01-25,1.81,4.2,0.82,1.99
ATR,2026-01-26,5.69,10.76,0.89,4.72
ATR,2026-01-27,5.82,9.52,0.94,4.12
ATR,2026-01-28,4.93,8.88,0.8,2.0
ATR,2026-01-29,7.02,7.78,0.72,3.44
ATR,2026-01-30,4.07,8.9,0.31,5.64
ATR,2026-01-31,2.19,4.13,0.93,2.3
ATR,2026-02-01,2.42,3.69,1.24,1.84
ATR,2026-02-02,3.88,10.24,0.54,3.42
ATR,2026-02-03,5.83,10.05,0.58,3.9
ATR,2026-02-04,6.58,9.71,0.54,4.28
ATR,2026-02-05,6.31,6.38,0.59,4.71
ATR,2026-02-06,4.83,11.77,0.45,4.05
ATR,2026-02-07,2.26,4.09,0.83,1.42
ATR,2026-02-08,1.75,2.06,1.0,1.99
ATR,2026-02-09,5.87,9.5,1.07,5.14
ATR,2026-02-10,6.32,10.91,0.89,4.64
ATR,2026-02-11,4.82,5.59,0.59,5.11
ATR,2026-02-12,5.09,8.48,0.97,2.9
ATR,2026-02-13,6.5,10.5,0.78,4.48
ATR,2026-02-14,2.18,4.09,0.61,1.69
ATR,2026-02-15,2.8,3.29,0.9,1.83
ATR,2026-02-16,5.34,10.21,0.89,4.91
ATR,2026-02-17,7.33,3.79,0.83,4.86
ATR,2026-02-18,4.16,6.04,0.38,7.79
ATR,2026-02-19,3.25,5.82,0.76,5.73
ATR,2026-02-20,6.47,8.76,0.99,5.25
ATR,2026-02-21,2.22,2.68,1.22,2.02
ATR,2026-02-22,2.31,3.65,1.11,2.21
ATR,2026-02-23,3.01,5.21,0.99,5.07
ATR,2026-02-24,4.15,8.22,0.98,4.23
ATR,2026-02-25,6.92,4.07,0.88,4.84
ATR,2026-02-26,6.11,9.99,1.0,5.01
ATR,2026-02-27,5.79,7.33,0.43,5.49
ATR,2026-02-28,2.2,3.0,0.54,1.76
ATR,2026-03-01,2.32,3.79,0.56,1.79
ATR,2026-03-02,4.75,9.61,0.95,6.4
ATR,2026-03-03,4.18,9.35,0.38,2.98
ATR,2026-03-04,5.37,7.56,0.7,3.53
ATR,2026-03-05,4.85,12.3,0.75,4.9
ATR,2026-03-06,5.9,7.28,1.02,5.89
ATR,2026-03-07,2.71,3.14,0.88,1.63
ATR,2026-03-08,2.02,3.53,1.08,2.31
ATR,2026-03-09,5.85,8.54,1.33,3.7
ATR,2026-03-10,7.25,11.21,0.69,5.02
ATR,2026-03-11,6.12,7.42,0.81,5.02
ATR,2026-03-12,5.89,6.88,0.35,3.73
ATR,2026-03-13,5.92,8.77,0.62,5.43
ATR,2026-03-14,1.25,4.4,0.84,2.46
ATR,2026-03-15,2.21,3.38,0.6,2.29
ATR,2026-03-16,5.85,9.15,0.73,5.97
ATR,2026-03-17,6.02,8.16,1.24,3.54
ATR,2026-03-18,6.76,8.67,1.01,4.47
ATR,2026-03-19,7.54,7.65,0.85,3.72
ATR,2026-03-20,7.06,7.15,0.84,4.71
ATR,2026-03-21,1.97,4.18,0.42,1.84
ATR,2026-03-22,2.43,4.08,0.57,2.51
ATR,2026-03-23,7.14,11.14,0.22,4.51
ATR,2026-03-24,7.01,10.22,1.13,4.95
ATR,2026-03-25,5.71,8.04,0.79,4.16
ATR,2026-03-26,6.04,8.35,0.45,3.77
ATR,2026-03-27,5.24,7.87,1.16,4.23
ATR,2026-03-28,1.38,4.15,0.3,2.0
ATR,2026-03-29,2.71,2.75,0.73,2.15
ATR,2026-03-30,7.3,10.21,0.98,3.59
ATR,2026-03-31,3.55,9.07,0.26,4.75
ATR,2026-04-01,5.36,8.15,0.97,3.92
ATR,2026-04-02,4.1,9.56,1.22,5.16
ATR,2026-04-03,6.87,9.8,0.99,5.25
ATR,2026-04-04,2.35,3.07,1.08,2.01
ATR,2026-04-05,2.25,3.64,0.98,1.71
ATR,2026-04-06,7.48,10.51,0.99,4.11
ATR,2026-04-07,6.12,7.68,1.34,5.87
ATR,2026-04-08,5.6,8.45,1.08,5.88
ATR,2026-04-09,5.14,9.27,0.95,4.79
ATR,2026-04-10,6.86,13.88,0.92,5.82
ATR,2026-04-11,1.9,4.51,1.0,2.25
ATR,2026-04-12,2.33,3.9,0.64,1.3
ATR,2026-04-13,4.3,10.29,0.74,2.23
ATR,2026-04-14,6.24,5.41,0.68,2.94
ATR,2026-04-15,5.64,7.57,0.81,4.01
ATR,2026-04-16,7.81,10.79,0.75,5.04
ATR,2026-04-17,6.38,10.17,0.65,4.14
ATR,2026-04-18,2.45,2.9,0.42,2.14
ATR,2026-04-19,1.52,3.16,0.69,1.66
ATR,2026-04-20,7.28,8.63,0.81,4.97
ATR,2026-04-21,5.54,10.71,0.91,5.67
ATR,2026-04-22,6.09,9.35,0.32,3.59
ATR,2026-04-23,6.7,7.83,0.79,4.64
ATR,2026-04-24,5.32,12.1,0.27,5.53
ATR,2026-04-25,2.36,3.22,1.03,1.4
ATR,2026-04-26,2.68,3.01,0.68,2.05
ATR,2026-04-27,5.55,10.41,0.85,4.26
ATR,2026-04-28,5.83,10.01,0.72,5.01
ATR,2026-04-29,5.46,8.83,0.91,3.85
ATR,2026-04-30,3.93,9.69,0.35,5.1
ATR,2026-05-01,7.33,9.73,1.23,3.65
ATR,2026-05-02,1.41,3.55,1.06,1.66
ATR,2026-05-03,2.81,5.42,0.2,1.95
ATR,2026-05-04,6.87,11.52,0.53,3.39
ATR,2026-05-05,4.56,9.51,0.77,5.56
ATR,2026-05-06,6.11,9.49,0.81,4.73
ATR,2026-05-07,5.47,8.38,0.67,4.6
ATR,2026-05-08,6.82,7.45,0.65,4.47
ATR,2026-05-09,2.67,2.26,0.99,1.57
ATR,2026-05-10,2.77,2.55,1.09,2.07
ATR,2026-05-11,8.09,7.08,0.93,4.37
ATR,2026-05-12,5.06,8.87,1.34,4.02
ATR,2026-05-13,3.49,8.25,0.64,3.32
ATR,2026-05-14,3.55,10.8,0.81,3.55
ATR,2026-05-15,4.58,13.43,1.01,3.76
ATR,2026-05-16,1.9,4.79,0.99,1.28
ATR,2026-05-17,1.73,4.1,1.01,1.95
ATR,2026-05-18,5.51,7.37,1.15,4.36
ATR,2026-05-19,6.76,10.54,0.97,4.26
ATR,2026-05-20,5.12,8.47,1.14,3.95
ATR,2026-05-21,5.26,9.57,1.25,4.75
ATR,2026-05-22,5.55,7.99,1.41,4.17
ATR,2026-05-23,1.75,4.12,0.92,1.47
ATR,2026-05-24,2.22,3.89,0.99,1.65
ATR,2026-05-25,6.02,11.59,0.88,5.05
ATR,2026-05-26,5.15,8.0,0.73,3.41
ATR,2026-05-27,3.77,10.0,0.95,4.58
ATR,2026-05-28,4.1,12.47,0.51,3.77
ATR,2026-05-29,4.84,7.85,1.02,4.22
ATR,2026-05-30,1.71,3.88,0.64,1.54
ATR,2026-05-31,1.57,3.94,0.54,1.26
ATR,2026-06-01,1.95,3.03,0.26,0.92
ATR,2026-06-02,1.71,2.08,0.21,1.29
ATR,2026-06-03,2.16,2.96,0.35,1.12
ATR,2026-06-04,1.57,2.96,0.25,0.81
ATR,2026-06-05,0.98,2.0,0.29,0.98
ATR,2026-06-06,0.7,1.26,0.13,0.7
ATR,2026-06-07,0.64,0.79,0.32,0.42
ATR,2026-06-08,2.25,2.1,0.2,1.44
ATR,2026-06-09,1.67,1.88,0.24,1.32
ATR,2026-06-10,1.48,3.48,0.19,1.34
ATR,2026-06-11,2.3,2.37,0.18,1.31
ATR,2026-06-12,1.17,1.89,0.11,0.6
ATR,2026-06-13,0.74,1.0,0.23,0.49
ATR,2026-06-14,0.39,1.14,0.28,0.59
ATR,2026-06-15,1.32,2.09,0.28,1.47
ATR,2026-06-16,1.68,2.3,0.18,1.14
ATR,2026-06-17,1.3,2.01,0.24,1.35
ATR,2026-06-18,1.23,2.58,0.32,1.22
ATR,2026-06-19,0.95,1.53,0.22,1.42
ATR,2026-06-20,0.55,1.06,0.22,0.53
ATR,2026-06-21,0.58,0.95,0.43,0.55
ATR,2026-06-22,1.7,2.21,0.25,1.18
ATR,2026-06-23,1.65,2.17,0.17,1.77
ATR,2026-06-24,1.59,2.08,0.19,1.05
ATR,2026-06-25,1.26,1.99,0.24,1.54
ATR,2026-06-26,0.93,2.05,0.18,1.12
ATR,2026-06-27,0.53,0.99,0.2,0.51
ATR,2026-06-28,0.64,1.02,0.26,0.27
ATR,2026-06-29,1.5,1.68,0.19,1.22
ATR,2026-06-30,1.58,2.34,0.18,1.22
COR,2026-01-01,12.02,14.62,2.1,5.96
COR,2026-01-02,7.21,15.0,2.62,5.5
COR,2026-01-03,3.08,6.56,0.95,2.5
COR,2026-01-04,4.54,5.3,0.67,1.9
COR,2026-01-05,5.8,14.75,1.17,7.96
COR,2026-01-06,7.81,13.37,0.98,6.54
COR,2026-01-07,9.11,12.14,2.01,5.73
COR,2026-01-08,7.51,12.6,2.09,5.75
COR,2026-01-09,9.14,14.78,2.2,5.07
COR,2026-01-10,3.16,6.33,1.13,3.23
COR,2026-01-11,4.52,6.34,1.25,2.68
COR,2026-01-12,9.49,14.3,1.28,7.25
COR,2026-01-13,10.37,15.71,1.52,3.97
COR,2026-01-14,8.33,9.29,1.72,5.71
COR,2026-01-15,8.15,11.44,2.23,7.58
COR,2026-01-16,8.35,15.92,1.85,7.7
COR,2026-01-17,1.77,7.8,2.05,2.51
COR,2026-01-18,4.07,5.02,2.02,2.79
COR,2026-01-19,6.04,11.61,2.2,5.24
COR,2026-01-20,8.94,16.79,2.03,5.96
COR,2026-01-21,7.88,9.51,1.87,6.13
COR,2026-01-22,9.05,19.84,1.57,7.35
COR,2026-01-23,10.14,11.72,1.4,5.23
COR,2026-01-24,2.91,5.17,1.41,2.16
COR,2026-01-25,3.19,4.07,1.29,3.07
COR,2026-01-26,9.64,12.35,0.76,8.04
COR,2026-01-27,8.56,15.18,0.71,7.67
COR,2026-01-28,5.82,12.76,1.19,5.89
COR,2026-01-29,7.9,10.55,1.29,6.51
COR,2026-01-30,8.87,13.13,1.9,7.05
COR,2026-01-31,3.8,6.36,1.56,4.03
COR,2026-02-01,4.18,5.06,1.63,3.36
COR,2026-02-02,6.87,8.33,1.49,2.93
COR,2026-02-03,8.0,13.65,1.68,5.02
COR,2026-02-04,13.09,14.17,1.05,8.02
COR,2026-02-05,7.95,16.31,2.16,6.2
COR,2026-02-06,9.18,16.32,1.6,7.96
COR,2026-02-07,3.26,8.28,1.2,2.83
COR,2026-02-08,3.02,4.89,1.5,2.22
COR,2026-02-09,3.73,16.63,0.72,8.91
COR,2026-02-10,9.03,10.03,1.31,8.17
COR,2026-02-11,8.98,12.1,1.34,5.95
COR,2026-02-12,8.72,10.39,1.5,6.61
COR,2026-02-13,10.01,12.85,1.32,5.75
COR,2026-02-14,4.28,5.77,2.44,2.77
COR,2026-02-15,3.66,6.13,1.57,2.97
COR,2026-02-16,8.56,9.96,0.59,7.46
COR,2026-02-17,8.75,11.77,1.36,4.73
COR,2026-02-18,11.89,14.82,1.59,6.3
COR,2026-02-19,10.03,11.7,0.98,8.38
COR,2026-02-20,8.29,12.77,1.13,4.86
COR,2026-02-21,3.99,5.5,1.5,2.48
COR,2026-02-22,2.83,6.53,0.79,1.94
COR,2026-02-23,6.45,22.08,1.42,6.23
COR,2026-02-24,6.65,12.34,2.2,8.34
COR,2026-02-25,5.75,12.08,2.34,6.73
COR,2026-02-26,6.65,12.42,1.59,9.71
COR,2026-02-27,7.66,14.49,0.99,6.48
COR,2026-02-28,4.08,4.07,1.77,3.77
COR,2026-03-01,3.92,6.74,0.86,2.54
COR,2026-03-02,5.36,14.47,1.65,6.63
COR,2026-03-03,9.17,16.37,1.35,7.95
COR,2026-03-04,9.27,15.52,1.45,9.46
COR,2026-03-05,7.17,16.86,1.37,7.13
COR,2026-03-06,9.71,13.69,2.12,5.72
COR,2026-03-07,4.28,6.79,1.78,3.49
COR,2026-03-08,2.72,5.77,1.68,2.64
COR,2026-03-09,8.57,15.19,1.04,8.26
COR,2026-03-10,10.32,12.33,1.3,5.31
COR,2026-03-11,8.68,13.22,1.76,6.71
COR,2026-03-12,12.22,5.43,1.54,7.51
COR,2026-03-13,6.92,14.53,1.33,9.01
COR,2026-03-14,3.21,5.46,1.54,1.75
COR,2026-03-15,4.42,4.75,1.3,2.44
COR,2026-03-16,6.17,12.61,1.82,7.46
COR,2026-03-17,13.15,13.66,1.41,7.88
COR,2026-03-18,9.39,14.09,1.04,7.85
COR,2026-03-19,13.03,17.15,2.43,6.28
COR,2026-03-20,7.07,12.5,1.01,9.48
COR,2026-03-21,3.77,3.37,1.42,3.06
COR,2026-03-22,3.52,5.14,1.71,2.05
COR,2026-03-23,8.98,8.14,1.77,7.76
COR,2026-03-24,9.45,14.78,1.3,7.34
COR,2026-03-25,10.32,14.74,1.69,8.7
COR,2026-03-26,8.93,12.35,1.34,5.57
COR,2026-03-27,7.8,15.07,1.21,8.59
COR,2026-03-28,2.14,5.32,1.48,2.85
COR,2026-03-29,3.37,4.07,1.58,3.74
COR,2026-03-30,5.76,12.74,2.18,8.44
COR,2026-03-31,8.72,12.25,1.39,7.93
COR,2026-04-01,7.11,15.77,1.66,7.03
COR,2026-04-02,6.63,12.98,1.33,6.43
COR,2026-04-03,8.6,8.75,1.3,6.03
COR,2026-04-04,4.4,6.12,1.63,3.14
COR,2026-04-05,3.49,6.26,1.37,2.89
COR,2026-04-06,11.31,10.2,1.13,7.6
COR,2026-04-07,10.83,14.73,1.89,6.2
COR,2026-04-08,9.89,12.56,1.52,7.45
COR,2026-04-09,9.49,16.31,1.5,7.94
COR,2026-04-10,6.46,14.78,1.76,8.9
COR,2026-04-11,3.15,5.11,1.2,3.33
COR,2026-04-12,3.36,4.63,2.34,3.16
COR,2026-04-13,10.78,12.12,1.06,8.58
COR,2026-04-14,9.64,15.67,2.04,7.9
COR,2026-04-15,10.62,10.64,1.02,5.64
COR,2026-04-16,7.34,11.78,1.53,5.69
COR,2026-04-17,7.15,16.23,1.04,6.0
COR,2026-04-18,3.42,3.13,1.14,2.41
COR,2026-04-19,3.13,4.08,1.17,3.4
COR,2026-04-20,7.92,13.64,2.0,5.78
COR,2026-04-21,8.09,17.62,1.3,8.75
COR,2026-04-22,7.14,12.3,1.52,4.38
COR,2026-04-23,8.27,14.12,1.43,6.45
COR,2026-04-24,13.0,10.56,2.39,8.36
COR,2026-04-25,3.92,4.77,0.55,2.28
COR,2026-04-26,4.38,3.94,1.22,3.02
COR,2026-04-27,7.16,9.59,1.19,6.93
COR,2026-04-28,11.68,16.29,1.7,8.96
COR,2026-04-29,7.14,14.85,1.97,4.93
COR,2026-04-30,8.3,14.69,1.32,6.35
COR,2026-05-01,10.05,16.75,0.91,8.2
COR,2026-05-02,2.83,4.94,1.88,3.02
COR,2026-05-03,2.48,6.74,1.29,3.08
COR,2026-05-04,10.47,14.52,1.28,5.98
COR,2026-05-05,8.15,8.7,1.47,6.03
COR,2026-05-06,8.17,10.99,1.4,7.88
COR,2026-05-07,9.88,18.15,1.35,5.56
COR,2026-05-08,6.76,13.94,1.54,7.75
COR,2026-05-09,2.35,4.43,1.23,2.53
COR,2026-05-10,3.17,5.65,2.39,1.84
COR,2026-05-11,7.36,10.37,1.13,8.9
COR,2026-05-12,11.27,10.86,1.23,2.95
COR,2026-05-13,8.59,10.76,1.26,6.79
COR,2026-05-14,8.06,11.35,1.93,6.98
COR,2026-05-15,11.04,10.77,2.16,8.58
COR,2026-05-16,3.18,4.36,1.53,2.35
COR,2026-05-17,4.88,5.3,1.68,3.01
COR,2026-05-18,9.59,9.61,1.46,7.36
COR,2026-05-19,9.97,8.62,1.67,6.28
COR,2026-05-20,8.88,14.29,1.71,6.76
COR,2026-05-21,8.19,8.07,1.06,5.5
COR,2026-05-22,8.3,9.51,1.27,7.72
COR,2026-05-23,4.57,4.7,0.85,2.34
COR,2026-05-24,3.84,3.73,1.42,2.5
COR,2026-05-25,7.11,9.92,2.14,7.66
COR,2026-05-26,9.13,11.99,2.28,6.86
COR,2026-05-27,7.43,12.35,1.22,6.52
COR,2026-05-28,8.02,12.33,1.88,7.74
COR,2026-05-29,9.94,12.49,1.5,5.39
COR,2026-05-30,2.46,3.5,1.16,2.4
COR,2026-05-31,3.07,3.68,2.21,2.67
COR,2026-06-01,1.3,3.79,0.56,1.73
COR,2026-06-02,2.37,3.39,0.48,1.51
COR,2026-06-03,2.89,3.32,0.32,2.2
COR,2026-06-04,2.67,3.97,0.49,1.88
COR,2026-06-05,3.04,3.42,0.32,1.32
COR,2026-06-06,0.91,1.42,0.55,0.54
COR,2026-06-07,0.81,1.33,0.68,0.58
COR,2026-06-08,2.28,4.05,0.52,1.71
COR,2026-06-09,2.28,4.23,0.54,1.88
COR,2026-06-10,2.58,3.89,0.46,1.5
COR,2026-06-11,2.53,2.29,0.37,1.85
COR,2026-06-12,2.46,3.37,0.58,1.62
COR,2026-06-13,0.91,0.99,0.59,0.49
COR,2026-06-14,1.15,1.37,0.71,0.49
COR,2026-06-15,2.61,4.43,0.65,2.13
COR,2026-06-16,2.29,3.56,0.3,1.98
COR,2026-06-17,2.66,3.54,0.41,1.43
COR,2026-06-18,2.84,3.34,0.57,1.5
COR,2026-06-19,2.39,2.44,0.46,1.47
COR,2026-06-20,0.75,1.88,0.76,0.81
COR,2026-06-21,0.79,2.01,0.51,0.89
COR,2026-06-22,2.07,2.39,0.49,2.1
COR,2026-06-23,2.45,2.71,0.53,1.51
COR,2026-06-24,2.27,4.28,0.41,1.55
COR,2026-06-25,2.26,4.85,0.3,2.23
COR,2026-06-26,2.61,4.02,0.49,2.27
COR,2026-06-27,0.71,1.53,0.48,0.66
COR,2026-06-28,1.04,1.39,0.47,0.73
COR,2026-06-29,2.45,3.12,0.44,2.69
COR,2026-06-30,2.15,4.36,0.54,1.71
TIF,2026-01-01,3.55,8.75,3.26,12.32
TIF,2026-01-02,3.51,7.69,3.55,11.13
TIF,2026-01-03,1.24,3.48,3.9,3.44
TIF,2026-01-04,0.91,3.26,2.31,4.46
TIF,2026-01-05,2.39,6.88,4.17,11.62
TIF,2026-01-06,3.39,9.17,3.04,11.13
TIF,2026-01-07,2.03,11.15,2.93,10.43
TIF,2026-01-08,3.71,11.74,2.38,10.69
TIF,2026-01-09,3.05,9.33,3.52,12.88
TIF,2026-01-10,0.79,4.34,3.55,4.74
TIF,2026-01-11,1.09,2.68,2.74,4.47
TIF,2026-01-12,2.48,9.78,4.71,8.45
TIF,2026-01-13,3.11,6.09,2.86,6.75
TIF,2026-01-14,3.0,5.21,4.71,6.85
TIF,2026-01-15,2.96,10.35,3.68,13.33
TIF,2026-01-16,3.55,10.27,3.25,9.26
TIF,2026-01-17,1.03,4.18,2.62,4.71
TIF,2026-01-18,1.13,2.94,2.85,4.83
TIF,2026-01-19,3.13,7.34,4.25,10.18
TIF,2026-01-20,3.69,8.58,3.48,11.09
TIF,2026-01-21,3.57,8.99,3.43,6.32
TIF,2026-01-22,3.9,8.59,3.24,7.93
TIF,2026-01-23,3.85,10.65,2.43,11.16
TIF,2026-01-24,0.74,3.11,2.11,5.61
TIF,2026-01-25,1.32,4.87,2.88,3.7
TIF,2026-01-26,2.91,5.59,4.4,9.1
TIF,2026-01-27,2.65,4.39,3.33,12.84
TIF,2026-01-28,3.42,7.85,3.17,11.9
TIF,2026-01-29,3.25,7.26,3.43,10.99
TIF,2026-01-30,2.65,11.19,2.57,8.76
TIF,2026-01-31,0.86,4.39,4.55,4.27
TIF,2026-02-01,1.51,3.92,1.77,5.26
TIF,2026-02-02,3.64,8.38,1.87,14.93
TIF,2026-02-03,2.93,7.89,1.16,12.43
TIF,2026-02-04,3.63,8.91,2.41,11.75
TIF,2026-02-05,3.79,7.67,2.0,10.08
TIF,2026-02-06,3.49,8.54,1.15,7.98
TIF,2026-02-07,1.33,3.79,2.18,3.11
TIF,2026-02-08,1.22,2.99,3.74,5.1
TIF,2026-02-09,4.87,6.61,2.05,11.77
TIF,2026-02-10,3.16,8.81,2.67,10.33
TIF,2026-02-11,3.19,8.35,1.84,8.69
TIF,2026-02-12,2.89,6.95,3.57,5.52
TIF,2026-02-13,5.12,7.74,3.53,12.87
TIF,2026-02-14,0.87,4.1,4.63,6.7
TIF,2026-02-15,1.03,3.86,3.71,4.19
TIF,2026-02-16,3.03,10.0,3.35,14.16
TIF,2026-02-17,1.35,8.41,1.98,12.39
TIF,2026-02-18,3.48,10.31,2.44,10.74
TIF,2026-02-19,3.53,9.5,1.98,10.81
TIF,2026-02-20,2.64,9.53,3.69,10.48
TIF,2026-02-21,1.63,4.22,3.68,3.58
TIF,2026-02-22,1.39,4.36,3.08,5.85
TIF,2026-02-23,3.65,7.99,2.05,15.93
TIF,2026-02-24,2.1,6.4,3.92,12.44
TIF,2026-02-25,2.94,12.45,2.81,10.66
TIF,2026-02-26,3.62,10.12,3.52,11.2
TIF,2026-02-27,3.79,5.81,0.66,11.46
TIF,2026-02-28,1.11,3.3,2.73,4.5
TIF,2026-03-01,1.79,2.94,2.5,4.18
TIF,2026-03-02,2.41,8.83,3.28,13.7
TIF,2026-03-03,1.98,4.7,2.87,9.75
TIF,2026-03-04,4.04,9.03,3.24,8.2
TIF,2026-03-05,3.18,10.74,3.3,6.93
TIF,2026-03-06,3.23,14.09,4.01,8.16
TIF,2026-03-07,1.16,3.48,2.7,5.0
TIF,2026-03-08,1.42,3.71,2.91,3.06
TIF,2026-03-09,3.86,9.63,2.56,11.7
TIF,2026-03-10,2.07,8.93,2.13,13.68
TIF,2026-03-11,3.57,6.86,3.59,9.14
TIF,2026-03-12,4.28,11.24,2.27,12.89
TIF,2026-03-13,3.0,9.13,4.1,15.23
TIF,2026-03-14,1.36,1.8,3.6,6.44
TIF,2026-03-15,0.83,3.24,2.0,4.35
TIF,2026-03-16,4.62,9.48,1.94,12.05
TIF,2026-03-17,2.52,7.55,2.48,11.89
TIF,2026-03-18,4.8,6.92,3.35,13.12
TIF,2026-03-19,3.87,9.92,3.46,12.15
TIF,2026-03-20,3.7,8.11,3.83,13.16
TIF,2026-03-21,1.42,3.63,1.85,5.06
TIF,2026-03-22,1.72,4.3,2.55,4.87
TIF,2026-03-23,3.47,12.0,3.98,11.26
TIF,2026-03-24,3.29,7.82,3.99,10.98
TIF,2026-03-25,3.88,9.91,3.21,10.22
TIF,2026-03-26,3.28,10.39,2.3,10.32
TIF,2026-03-27,2.95,9.15,2.71,9.5
TIF,2026-03-28,1.56,3.23,3.05,3.53
TIF,2026-03-29,0.93,3.17,1.25,5.89
TIF,2026-03-30,4.42,9.07,3.83,7.03
TIF,2026-03-31,3.46,12.09,3.65,11.51
TIF,2026-04-01,2.89,10.25,5.16,10.81
TIF,2026-04-02,4.13,5.54,3.28,9.77
TIF,2026-04-03,5.04,7.24,3.57,15.05
TIF,2026-04-04,1.14,4.21,5.08,5.28
TIF,2026-04-05,1.65,4.23,2.79,5.34
TIF,2026-04-06,4.85,7.61,2.54,9.51
TIF,2026-04-07,2.76,9.21,4.08,7.0
TIF,2026-04-08,3.14,9.74,5.27,14.29
TIF,2026-04-09,3.52,10.72,3.35,8.38
TIF,2026-04-10,2.9,5.36,3.58,9.15
TIF,2026-04-11,1.2,2.9,2.98,4.65
TIF,2026-04-12,1.34,4.58,2.54,5.29
TIF,2026-04-13,5.3,10.35,3.28,9.5
TIF,2026-04-14,3.36,11.77,3.25,12.16
TIF,2026-04-15,3.12,10.8,1.68,11.6
TIF,2026-04-16,2.66,9.91,1.49,14.09
TIF,2026-04-17,3.16,8.19,2.01,11.06
TIF,2026-04-18,1.2,3.95,4.04,5.25
TIF,2026-04-19,0.69,3.98,3.35,2.95
TIF,2026-04-20,3.93,11.03,1.66,8.0
TIF,2026-04-21,3.9,10.46,3.34,13.78
TIF,2026-04-22,2.77,6.18,3.39,15.09
TIF,2026-04-23,2.77,5.89,3.04,13.5
TIF,2026-04-24,3.54,10.75,3.44,11.41
TIF,2026-04-25,1.33,3.03,3.28,4.1
TIF,2026-04-26,0.88,4.52,2.07,4.24
TIF,2026-04-27,3.98,7.65,3.33,12.07
TIF,2026-04-28,2.39,5.23,2.14,12.86
TIF,2026-04-29,3.78,5.61,4.44,16.84
TIF,2026-04-30,3.89,10.18,1.1,13.37
TIF,2026-05-01,3.65,9.34,2.69,11.04
TIF,2026-05-02,1.26,4.04,3.89,4.19
TIF,2026-05-03,1.38,3.67,2.99,3.75
TIF,2026-05-04,3.49,9.56,2.97,11.37
TIF,2026-05-05,2.98,8.39,2.98,8.38
TIF,2026-05-06,2.87,11.4,3.92,10.87
TIF,2026-05-07,3.22,6.85,2.07,4.2
TIF,2026-05-08,2.45,10.38,1.22,9.54
TIF,2026-05-09,1.26,3.64,2.34,3.81
TIF,2026-05-10,0.89,3.01,1.81,4.15
TIF,2026-05-11,3.27,9.0,4.17,13.41
TIF,2026-05-12,3.79,7.44,2.24,9.19
TIF,2026-05-13,4.92,8.88,3.83,11.77
TIF,2026-05-14,3.01,10.45,2.06,9.0
TIF,2026-05-15,2.68,10.27,4.07,10.34
TIF,2026-05-16,1.02,2.16,2.15,3.47
TIF,2026-05-17,1.24,4.08,2.82,3.21
TIF,2026-05-18,2.41,9.24,3.29,12.61
TIF,2026-05-19,2.99,7.94,3.92,14.84
TIF,2026-05-20,3.86,8.72,1.57,11.64
TIF,2026-05-21,3.36,6.69,2.62,12.75
TIF,2026-05-22,2.56,9.07,1.57,9.68
TIF,2026-05-23,1.38,4.3,1.31,3.39
TIF,2026-05-24,0.99,2.78,2.17,4.15
TIF,2026-05-25,2.86,8.41,2.32,14.59
TIF,2026-05-26,3.94,8.6,2.31,9.44
TIF,2026-05-27,3.06,9.34,2.44,10.76
TIF,2026-05-28,3.57,10.71,3.05,13.21
TIF,2026-05-29,3.06,6.07,2.51,10.1
TIF,2026-05-30,1.52,3.16,2.59,3.92
TIF,2026-05-31,1.7,3.71,3.12,3.6
TIF,2026-06-01,0.87,1.38,1.1,2.49
TIF,2026-06-02,0.53,2.16,1.38,3.34
TIF,2026-06-03,0.93,2.29,0.46,3.16
TIF,2026-06-04,0.77,2.49,1.49,2.75
TIF,2026-06-05,0.54,2.3,0.69,2.47
TIF,2026-06-06,0.42,1.02,1.11,0.77
TIF,2026-06-07,0.36,1.17,0.7,0.84
TIF,2026-06-08,0.53,1.58,0.96,2.46
TIF,2026-06-09,0.97,2.42,0.84,3.14
TIF,2026-06-10,0.9,3.24,1.25,2.38
TIF,2026-06-11,1.04,2.33,1.17,2.84
TIF,2026-06-12,0.86,1.89,0.91,3.18
TIF,2026-06-13,0.3,0.74,0.92,1.31
TIF,2026-06-14,0.44,0.82,0.98,1.55
TIF,2026-06-15,1.03,2.72,1.34,2.81
TIF,2026-06-16,0.89,1.63,0.91,2.12
TIF,2026-06-17,0.89,1.97,0.83,2.56
TIF,2026-06-18,0.96,2.82,0.6,2.67
TIF,2026-06-19,1.19,2.2,1.14,2.76
TIF,2026-06-20,0.27,0.66,0.86,1.48
TIF,2026-06-21,0.33,0.82,0.56,1.5
TIF,2026-06-22,0.57,2.67,0.97,3.2
TIF,2026-06-23,1.0,1.85,0.84,2.57
TIF,2026-06-24,1.01,2.44,0.72,3.76
TIF,2026-06-25,0.91,3.01,0.88,3.41
TIF,2026-06-26,0.76,1.48,0.96,2.86
TIF,2026-06-27,0.31,1.01,1.27,1.12
TIF,2026-06-28,0.26,1.02,0.55,1.2
TIF,2026-06-29,0.79,2.51,1.04,3.21
TIF,2026-06-30,0.87,1.75,0.93,3.08
STD,2026-01-01,23.94,5.41,0.09,6.68
STD,2026-01-02,29.38,3.92,0.1,8.87
STD,2026-01-03,9.91,2.18,0.11,4.24
STD,2026-01-04,12.35,1.74,0.13,4.39
STD,2026-01-05,26.35,7.83,0.09,8.54
STD,2026-01-06,27.66,6.01,0.13,11.93
STD,2026-01-07,32.53,5.0,0.11,9.22
STD,2026-01-08,33.86,6.92,0.09,8.49
STD,2026-01-09,19.78,6.06,0.08,7.05
STD,2026-01-10,8.44,1.92,0.1,3.49
STD,2026-01-11,9.6,2.1,0.09,4.14
STD,2026-01-12,33.88,6.05,0.14,10.14
STD,2026-01-13,23.42,5.31,0.11,12.09
STD,2026-01-14,28.16,5.68,0.08,5.68
STD,2026-01-15,22.11,4.49,0.12,8.99
STD,2026-01-16,24.73,5.93,0.1,9.84
STD,2026-01-17,8.44,1.88,0.08,4.79
STD,2026-01-18,7.14,2.17,0.08,3.68
STD,2026-01-19,28.11,6.32,0.06,8.32
STD,2026-01-20,17.53,5.87,0.1,10.77
STD,2026-01-21,25.05,6.17,0.12,8.18
STD,2026-01-22,21.78,4.69,0.08,4.16
STD,2026-01-23,26.23,6.14,0.1,8.23
STD,2026-01-24,7.65,1.94,0.14,2.75
STD,2026-01-25,7.35,2.65,0.09,3.45
STD,2026-01-26,37.69,5.82,0.12,6.34
STD,2026-01-27,33.58,4.1,0.03,9.4
STD,2026-01-28,27.61,5.93,0.07,7.39
STD,2026-01-29,22.22,7.1,0.07,7.3
STD,2026-01-30,26.47,4.11,0.09,5.0
STD,2026-01-31,9.71,0.95,0.09,2.56
STD,2026-02-01,8.48,2.01,0.08,4.47
STD,2026-02-02,22.68,5.97,0.05,8.36
STD,2026-02-03,25.72,6.04,0.1,8.29
STD,2026-02-04,27.6,6.89,0.08,8.75
STD,2026-02-05,27.77,7.22,0.12,7.88
STD,2026-02-06,21.84,5.46,0.06,10.32
STD,2026-02-07,14.79,2.27,0.11,4.27
STD,2026-02-08,11.02,2.65,0.07,4.78
STD,2026-02-09,33.46,6.81,0.13,9.34
STD,2026-02-10,29.6,3.74,0.11,9.37
STD,2026-02-11,28.18,6.9,0.06,9.1
STD,2026-02-12,25.97,6.46,0.13,11.7
STD,2026-02-13,30.62,5.41,0.13,8.97
STD,2026-02-14,9.71,2.01,0.09,5.44
STD,2026-02-15,14.94,1.82,0.14,4.01
STD,2026-02-16,22.48,4.44,0.12,5.58
STD,2026-02-17,40.34,5.68,0.15,6.93
STD,2026-02-18,33.23,6.95,0.11,12.14
STD,2026-02-19,27.92,6.39,0.09,10.09
STD,2026-02-20,31.2,7.01,0.11,10.57
STD,2026-02-21,8.9,2.63,0.12,3.66
STD,2026-02-22,6.29,2.91,0.09,2.71
STD,2026-02-23,26.25,4.88,0.1,7.64
STD,2026-02-24,33.14,5.21,0.11,6.92
STD,2026-02-25,41.34,5.25,0.11,7.97
STD,2026-02-26,32.74,7.21,0.12,11.51
STD,2026-02-27,31.44,6.49,0.11,9.65
STD,2026-02-28,13.55,2.68,0.07,4.44
STD,2026-03-01,13.25,2.0,0.09,4.64
STD,2026-03-02,36.6,5.27,0.13,9.21
STD,2026-03-03,32.41,7.01,0.11,11.58
STD,2026-03-04,36.4,6.43,0.09,12.13
STD,2026-03-05,18.01,5.5,0.1,7.56
STD,2026-03-06,30.2,6.49,0.11,8.29
STD,2026-03-07,11.67,1.63,0.1,4.66
STD,2026-03-08,12.99,2.45,0.12,3.79
STD,2026-03-09,32.39,6.12,0.12,7.0
STD,2026-03-10,25.83,5.41,0.07,10.72
STD,2026-03-11,29.71,4.5,0.1,7.36
STD,2026-03-12,26.66,5.96,0.13,11.92
STD,2026-03-13,31.96,4.71,0.09,12.63
STD,2026-03-14,6.98,1.57,0.13,3.36
STD,2026-03-15,14.39,1.92,0.1,4.27
STD,2026-03-16,25.21,4.62,0.05,7.9
STD,2026-03-17,35.1,6.04,0.14,9.94
STD,2026-03-18,30.39,4.62,0.07,10.22
STD,2026-03-19,20.98,6.89,0.11,11.31
STD,2026-03-20,27.23,4.58,0.13,9.26
STD,2026-03-21,11.2,2.99,0.2,2.21
STD,2026-03-22,10.48,2.11,0.06,4.06
STD,2026-03-23,24.25,5.28,0.08,8.68
STD,2026-03-24,17.57,3.85,0.03,9.42
STD,2026-03-25,37.66,6.39,0.11,8.83
STD,2026-03-26,30.19,6.08,0.09,6.88
STD,2026-03-27,37.05,4.14,0.06,9.22
STD,2026-03-28,12.62,2.49,0.13,3.79
STD,2026-03-29,14.01,1.8,0.15,2.69
STD,2026-03-30,21.15,5.57,0.12,10.82
STD,2026-03-31,19.13,5.93,0.08,8.22
STD,2026-04-01,40.21,6.35,0.08,9.39
STD,2026-04-02,17.0,4.47,0.09,8.9
STD,2026-04-03,27.47,6.15,0.1,9.47
STD,2026-04-04,10.53,2.11,0.11,3.21
STD,2026-04-05,13.24,2.31,0.1,5.24
STD,2026-04-06,22.02,7.31,0.09,8.92
STD,2026-04-07,29.67,5.68,0.09,8.18
STD,2026-04-08,35.61,5.21,0.1,4.95
STD,2026-04-09,30.66,6.19,0.07,12.09
STD,2026-04-10,28.53,6.55,0.07,10.23
STD,2026-04-11,9.92,2.04,0.08,3.83
STD,2026-04-12,13.64,2.65,0.09,2.8
STD,2026-04-13,21.88,5.97,0.07,8.65
STD,2026-04-14,33.49,4.56,0.15,10.23
STD,2026-04-15,26.14,6.03,0.12,10.93
STD,2026-04-16,18.78,5.93,0.08,11.52
STD,2026-04-17,26.8,6.56,0.16,6.32
STD,2026-04-18,11.81,2.89,0.12,4.71
STD,2026-04-19,11.05,2.65,0.16,3.86
STD,2026-04-20,40.6,5.48,0.1,8.61
STD,2026-04-21,32.95,5.06,0.12,7.38
STD,2026-04-22,32.77,6.18,0.13,5.3
STD,2026-04-23,24.64,7.21,0.06,9.45
STD,2026-04-24,30.4,5.44,0.1,7.05
STD,2026-04-25,11.6,2.12,0.12,4.39
STD,2026-04-26,10.35,2.49,0.1,2.8
STD,2026-04-27,26.27,4.73,0.11,7.29
STD,2026-04-28,28.68,6.43,0.07,11.39
STD,2026-04-29,37.51,4.4,0.09,7.87
STD,2026-04-30,28.95,4.87,0.13,8.01
STD,2026-05-01,31.63,4.81,0.14,9.97
STD,2026-05-02,9.57,2.42,0.07,4.01
STD,2026-05-03,10.08,2.11,0.08,4.13
STD,2026-05-04,32.67,4.47,0.06,7.44
STD,2026-05-05,27.74,4.11,0.06,6.75
STD,2026-05-06,20.07,5.92,0.1,10.64
STD,2026-05-07,20.62,4.69,0.13,8.61
STD,2026-05-08,30.17,4.83,0.1,4.78
STD,2026-05-09,13.67,2.48,0.04,3.31
STD,2026-05-10,12.09,2.34,0.11,3.89
STD,2026-05-11,25.89,4.89,0.11,7.63
STD,2026-05-12,29.82,5.49,0.11,10.06
STD,2026-05-13,34.8,5.45,0.09,8.03
STD,2026-05-14,31.13,5.22,0.12,8.72
STD,2026-05-15,33.99,5.69,0.08,10.82
STD,2026-05-16,9.35,1.81,0.12,2.85
STD,2026-05-17,11.27,2.19,0.11,4.93
STD,2026-05-18,29.95,5.16,0.19,10.17
STD,2026-05-19,25.29,7.09,0.04,8.46
STD,2026-05-20,24.88,5.48,0.11,8.06
STD,2026-05-21,31.82,6.63,0.06,6.29
STD,2026-05-22,35.78,4.95,0.05,8.32
STD,2026-05-23,11.6,2.42,0.12,3.41
STD,2026-05-24,7.8,2.15,0.12,4.21
STD,2026-05-25,28.94,6.76,0.07,8.71
STD,2026-05-26,25.46,7.36,0.13,14.11
STD,2026-05-27,28.32,6.24,0.11,6.63
STD,2026-05-28,25.26,5.52,0.06,8.59
STD,2026-05-29,19.9,8.76,0.13,9.52
STD,2026-05-30,12.79,2.76,0.14,3.63
STD,2026-05-31,10.39,2.32,0.1,2.56
STD,2026-06-01,4.78,1.8,0.04,2.37
STD,2026-06-02,5.99,1.33,0.04,2.26
STD,2026-06-03,5.69,1.59,0.02,2.8
STD,2026-06-04,7.95,1.81,0.02,3.04
STD,2026-06-05,5.82,1.42,0.02,1.78
STD,2026-06-06,2.46,0.48,0.05,0.9
STD,2026-06-07,3.15,0.55,0.03,1.0
STD,2026-06-08,6.04,1.51,0.02,2.18
STD,2026-06-09,8.03,1.78,0.02,3.04
STD,2026-06-10,9.16,1.31,0.02,2.1
STD,2026-06-11,5.05,1.14,0.02,2.55
STD,2026-06-12,8.38,2.12,0.04,2.4
STD,2026-06-13,2.75,0.76,0.02,0.97
STD,2026-06-14,2.26,0.67,0.04,0.66
STD,2026-06-15,10.35,1.21,0.02,2.48
STD,2026-06-16,5.84,2.11,0.02,2.02
STD,2026-06-17,6.23,1.78,0.02,2.8
STD,2026-06-18,7.75,1.48,0.02,2.1
STD,2026-06-19,6.44,1.12,0.02,2.83
STD,2026-06-20,2.92,0.67,0.03,0.88
STD,2026-06-21,3.53,0.59,0.01,0.94
STD,2026-06-22,6.69,1.55,0.04,2.74
STD,2026-06-23,6.41,1.29,0.03,2.84
STD,2026-06-24,4.88,1.39,0.03,2.97
STD,2026-06-25,8.76,1.77,0.01,2.97
STD,2026-06-26,8.67,1.69,0.03,2.6
STD,2026-06-27,3.24,0.65,0.03,1.16
STD,2026-06-28,3.03,0.54,0.03,0.86
STD,2026-06-29,7.99,1.63,0.02,2.65
STD,2026-06-30,4.28,1.76,0.04,2.22
BH1,2026-01-01,15.2,10.36,0.25,14.07
BH1,2026-01-02,27.74,11.7,0.31,15.76
BH1,2026-01-03,23.8,12.02,0.19,11.9
BH1,2026-01-04,21.81,10.02,0.35,15.75
BH1,2026-01-05,16.73,13.52,0.33,14.79
BH1,2026-01-06,21.44,9.61,0.29,17.56
BH1,2026-01-07,13.23,12.45,0.22,13.41
BH1,2026-01-08,21.9,10.57,0.34,6.81
BH1,2026-01-09,19.54,12.15,0.19,11.83
BH1,2026-01-10,26.09,13.17,0.4,13.1
BH1,2026-01-11,24.38,12.13,0.39,14.12
BH1,2026-01-12,18.64,11.9,0.18,15.92
BH1,2026-01-13,12.33,8.49,0.28,7.69
BH1,2026-01-14,15.02,12.52,0.23,10.37
BH1,2026-01-15,19.43,11.75,0.25,14.0
BH1,2026-01-16,23.04,9.13,0.4,15.3
BH1,2026-01-17,29.51,12.18,0.37,20.1
BH1,2026-01-18,21.81,17.15,0.31,15.14
BH1,2026-01-19,14.35,12.22,0.47,9.32
BH1,2026-01-20,21.25,12.64,0.24,12.6
BH1,2026-01-21,21.21,7.38,0.3,9.66
BH1,2026-01-22,23.34,12.24,0.25,13.34
BH1,2026-01-23,8.71,12.02,0.35,11.76
BH1,2026-01-24,31.38,13.94,0.33,19.68
BH1,2026-01-25,28.08,12.05,0.34,19.48
BH1,2026-01-26,23.1,11.56,0.28,13.64
BH1,2026-01-27,17.31,10.62,0.27,11.91
BH1,2026-01-28,18.7,13.62,0.24,15.06
BH1,2026-01-29,18.93,14.62,0.45,12.25
BH1,2026-01-30,14.33,8.98,0.49,13.56
BH1,2026-01-31,33.09,17.58,0.45,14.03
BH1,2026-02-01,30.45,15.44,0.43,13.57
BH1,2026-02-02,20.67,13.45,0.45,9.13
BH1,2026-02-03,29.37,10.89,0.17,9.9
BH1,2026-02-04,5.6,8.82,0.26,17.08
BH1,2026-02-05,25.13,12.73,0.38,16.54
BH1,2026-02-06,25.34,13.41,0.21,14.1
BH1,2026-02-07,29.99,7.71,0.33,15.44
BH1,2026-02-08,19.41,14.09,0.29,13.5
BH1,2026-02-09,21.16,9.97,0.34,16.67
BH1,2026-02-10,20.9,14.37,0.38,13.38
BH1,2026-02-11,23.03,8.67,0.35,15.25
BH1,2026-02-12,26.41,13.2,0.27,12.52
BH1,2026-02-13,21.13,8.35,0.37,13.72
BH1,2026-02-14,21.11,15.03,0.25,14.0
BH1,2026-02-15,17.1,10.88,0.38,18.29
BH1,2026-02-16,18.43,12.74,0.31,16.03
BH1,2026-02-17,21.05,9.71,0.31,10.98
BH1,2026-02-18,29.08,12.47,0.3,13.27
BH1,2026-02-19,10.16,10.43,0.25,12.48
BH1,2026-02-20,19.33,11.78,0.29,14.56
BH1,2026-02-21,35.34,12.79,0.27,9.96
BH1,2026-02-22,18.5,13.98,0.26,15.4
BH1,2026-02-23,17.73,5.78,0.4,14.14
BH1,2026-02-24,20.82,10.74,0.26,15.64
BH1,2026-02-25,13.91,8.62,0.35,17.27
BH1,2026-02-26,21.42,11.13,0.38,8.29
BH1,2026-02-27,16.86,11.97,0.21,15.06
BH1,2026-02-28,21.99,15.47,0.23,17.36
BH1,2026-03-01,18.81,14.17,0.47,13.81
BH1,2026-03-02,19.76,9.25,0.28,9.54
BH1,2026-03-03,14.77,11.57,0.21,14.09
BH1,2026-03-04,23.78,10.85,0.26,11.97
BH1,2026-03-05,26.19,13.78,0.25,13.2
BH1,2026-03-06,16.76,12.7,0.23,16.39
BH1,2026-03-07,17.32,13.07,0.33,22.28
BH1,2026-03-08,30.69,16.82,0.3,18.0
BH1,2026-03-09,14.03,12.24,0.31,16.26
BH1,2026-03-10,6.85,12.39,0.15,18.55
BH1,2026-03-11,24.67,9.91,0.28,11.18
BH1,2026-03-12,20.33,8.6,0.26,13.15
BH1,2026-03-13,19.72,11.98,0.39,16.56
BH1,2026-03-14,29.78,12.59,0.36,13.85
BH1,2026-03-15,27.46,13.49,0.49,12.71
BH1,2026-03-16,21.8,12.34,0.4,10.98
BH1,2026-03-17,24.31,12.43,0.48,14.76
BH1,2026-03-18,27.55,11.46,0.25,13.78
BH1,2026-03-19,21.56,11.48,0.26,13.88
BH1,2026-03-20,16.47,10.67,0.1,15.56
BH1,2026-03-21,28.39,14.06,0.37,16.53
BH1,2026-03-22,24.87,13.72,0.3,17.04
BH1,2026-03-23,16.65,9.89,0.31,16.56
BH1,2026-03-24,23.32,10.79,0.52,15.67
BH1,2026-03-25,21.93,15.44,0.19,12.71
BH1,2026-03-26,18.43,11.49,0.3,14.88
BH1,2026-03-27,22.72,12.65,0.28,14.95
BH1,2026-03-28,22.8,10.35,0.39,15.4
BH1,2026-03-29,26.98,8.44,0.27,17.7
BH1,2026-03-30,17.02,11.56,0.37,17.08
BH1,2026-03-31,22.65,7.96,0.23,10.64
BH1,2026-04-01,24.49,13.11,0.34,12.06
BH1,2026-04-02,17.36,9.12,0.34,15.91
BH1,2026-04-03,21.62,12.19,0.19,13.5
BH1,2026-04-04,32.32,9.62,0.3,17.43
BH1,2026-04-05,19.2,18.67,0.49,15.03
BH1,2026-04-06,14.82,9.94,0.29,13.4
BH1,2026-04-07,31.34,9.09,0.34,15.75
BH1,2026-04-08,27.96,11.11,0.39,17.19
BH1,2026-04-09,15.79,8.86,0.27,10.31
BH1,2026-04-10,24.38,11.18,0.33,18.16
BH1,2026-04-11,21.19,13.58,0.21,16.35
BH1,2026-04-12,19.91,14.82,0.28,20.03
BH1,2026-04-13,20.6,13.7,0.24,12.18
BH1,2026-04-14,19.55,10.68,0.27,14.09
BH1,2026-04-15,18.59,10.45,0.35,8.75
BH1,2026-04-16,19.27,9.28,0.25,12.95
BH1,2026-04-17,20.68,9.78,0.38,16.93
BH1,2026-04-18,27.49,6.05,0.28,15.61
BH1,2026-04-19,23.07,17.55,0.22,15.52
BH1,2026-04-20,21.06,15.01,0.17,16.09
BH1,2026-04-21,22.39,8.85,0.25,13.7
BH1,2026-04-22,21.94,10.94,0.18,14.35
BH1,2026-04-23,26.8,10.37,0.22,11.81
BH1,2026-04-24,17.2,11.71,0.37,18.14
BH1,2026-04-25,19.56,11.73,0.42,18.82
BH1,2026-04-26,25.55,14.8,0.27,18.6
BH1,2026-04-27,20.01,9.59,0.32,17.12
BH1,2026-04-28,22.37,16.67,0.3,13.13
BH1,2026-04-29,14.63,14.06,0.35,14.51
BH1,2026-04-30,15.03,13.36,0.34,11.12
BH1,2026-05-01,23.6,10.7,0.11,10.79
BH1,2026-05-02,16.4,11.94,0.29,14.69
BH1,2026-05-03,17.3,10.31,0.11,19.16
BH1,2026-05-04,18.46,11.7,0.35,14.74
BH1,2026-05-05,18.4,12.68,0.16,9.54
BH1,2026-05-06,16.16,12.17,0.24,12.08
BH1,2026-05-07,23.88,13.11,0.32,17.08
BH1,2026-05-08,21.17,10.71,0.41,13.3
BH1,2026-05-09,26.1,7.77,0.3,12.32
BH1,2026-05-10,19.76,12.74,0.4,17.43
BH1,2026-05-11,15.18,10.86,0.3,12.97
BH1,2026-05-12,23.51,12.53,0.41,12.55
BH1,2026-05-13,13.42,10.84,0.31,17.78
BH1,2026-05-14,19.17,14.48,0.4,14.4
BH1,2026-05-15,20.0,8.94,0.24,9.17
BH1,2026-05-16,27.09,5.43,0.27,17.87
BH1,2026-05-17,21.22,12.05,0.37,11.67
BH1,2026-05-18,18.79,11.11,0.24,7.35
BH1,2026-05-19,23.07,7.65,0.3,13.01
BH1,2026-05-20,14.7,11.17,0.3,15.17
BH1,2026-05-21,18.69,8.7,0.2,10.0
BH1,2026-05-22,25.75,7.24,0.22,14.33
BH1,2026-05-23,18.78,10.93,0.22,17.63
BH1,2026-05-24,11.87,11.52,0.33,15.38
BH1,2026-05-25,16.08,13.78,0.28,11.61
BH1,2026-05-26,19.74,10.43,0.41,9.98
BH1,2026-05-27,18.2,8.33,0.36,10.95
BH1,2026-05-28,15.62,6.78,0.26,17.2
BH1,2026-05-29,15.74,10.3,0.39,11.51
BH1,2026-05-30,15.86,14.4,0.51,11.79
BH1,2026-05-31,26.91,10.8,0.34,13.27
BH1,2026-06-01,5.56,2.86,0.15,2.93
BH1,2026-06-02,4.55,3.53,0.11,3.1
BH1,2026-06-03,6.46,2.96,0.1,2.79
BH1,2026-06-04,6.6,3.25,0.06,4.38
BH1,2026-06-05,6.48,3.16,0.13,3.75
BH1,2026-06-06,9.2,3.96,0.06,4.53
BH1,2026-06-07,5.91,4.3,0.08,3.84
BH1,2026-06-08,3.9,1.69,0.11,2.82
BH1,2026-06-09,5.82,2.64,0.1,5.21
BH1,2026-06-10,7.87,2.92,0.08,3.62
BH1,2026-06-11,4.19,3.21,0.1,3.27
BH1,2026-06-12,6.82,3.24,0.13,1.94
BH1,2026-06-13,6.56,4.28,0.08,5.7
BH1,2026-06-14,4.11,3.24,0.11,4.59
BH1,2026-06-15,4.4,2.37,0.1,3.87
BH1,2026-06-16,5.13,3.3,0.04,3.79
BH1,2026-06-17,3.15,3.75,0.1,3.82
BH1,2026-06-18,5.49,2.46,0.06,4.51
BH1,2026-06-19,4.71,2.78,0.08,3.66
BH1,2026-06-20,5.94,3.46,0.11,3.49
BH1,2026-06-21,6.65,4.61,0.11,3.22
BH1,2026-06-22,5.13,3.24,0.06,4.43
BH1,2026-06-23,5.27,3.9,0.1,3.13
BH1,2026-06-24,5.1,3.05,0.07,4.33
BH1,2026-06-25,4.12,2.47,0.08,4.15
BH1,2026-06-26,6.86,3.89,0.11,3.22
BH1,2026-06-27,4.26,4.21,0.12,3.85
BH1,2026-06-28,8.49,3.53,0.08,4.3
BH1,2026-06-29,4.55,2.16,0.06,3.78
BH1,2026-06-30,4.46,3.84,0.1,3.31
BH2,2026-01-01,14.25,8.61,0.32,14.46
BH2,2026-01-02,10.91,7.26,0.31,12.4
BH2,2026-01-03,25.55,11.88,0.33,16.79
BH2,2026-01-04,24.84,15.2,0.34,10.25
BH2,2026-01-05,23.14,17.38,0.25,10.83
BH2,2026-01-06,17.42,9.5,0.27,13.7
BH2,2026-01-07,23.76,7.61,0.29,13.07
BH2,2026-01-08,15.89,12.02,0.27,17.92
BH2,2026-01-09,22.6,7.98,0.16,17.73
BH2,2026-01-10,24.92,15.44,0.45,13.2
BH2,2026-01-11,25.33,13.79,0.23,13.18
BH2,2026-01-12,21.47,7.94,0.25,13.93
BH2,2026-01-13,19.57,12.9,0.31,14.11
BH2,2026-01-14,16.82,10.86,0.35,12.42
BH2,2026-01-15,12.85,13.11,0.43,9.43
BH2,2026-01-16,24.05,13.32,0.32,10.68
BH2,2026-01-17,16.48,14.85,0.19,14.36
BH2,2026-01-18,32.11,10.6,0.31,17.41
BH2,2026-01-19,22.63,10.82,0.29,6.36
BH2,2026-01-20,10.85,9.02,0.38,13.94
BH2,2026-01-21,19.72,12.33,0.35,16.32
BH2,2026-01-22,23.33,9.6,0.34,15.67
BH2,2026-01-23,20.37,12.12,0.24,9.59
BH2,2026-01-24,19.42,16.0,0.27,13.97
BH2,2026-01-25,23.25,12.39,0.14,17.44
BH2,2026-01-26,19.66,12.27,0.3,13.07
BH2,2026-01-27,19.4,13.87,0.29,13.04
BH2,2026-01-28,25.66,9.96,0.32,10.58
BH2,2026-01-29,14.45,9.51,0.22,15.94
BH2,2026-01-30,21.55,7.82,0.17,13.21
BH2,2026-01-31,28.53,10.77,0.36,21.8
BH2,2026-02-01,30.4,18.31,0.38,12.43
BH2,2026-02-02,22.12,10.69,0.31,13.26
BH2,2026-02-03,27.97,11.6,0.27,15.56
BH2,2026-02-04,21.29,11.73,0.25,13.4
BH2,2026-02-05,24.26,8.81,0.39,11.86
BH2,2026-02-06,20.51,12.02,0.28,13.25
BH2,2026-02-07,20.3,14.5,0.4,11.42
BH2,2026-02-08,27.93,12.62,0.32,15.22
BH2,2026-02-09,20.35,8.77,0.47,9.62
BH2,2026-02-10,20.38,8.6,0.34,8.89
BH2,2026-02-11,21.8,10.06,0.27,14.38
BH2,2026-02-12,22.74,13.14,0.21,15.72
BH2,2026-02-13,21.2,14.06,0.22,12.35
BH2,2026-02-14,20.58,15.1,0.37,18.92
BH2,2026-02-15,25.58,13.51,0.41,12.82
BH2,2026-02-16,15.34,13.21,0.15,18.43
BH2,2026-02-17,20.67,16.01,0.23,12.17
BH2,2026-02-18,22.4,7.98,0.25,11.59
BH2,2026-02-19,17.26,12.72,0.21,14.68
BH2,2026-02-20,26.03,11.94,0.3,11.01
BH2,2026-02-21,16.2,15.04,0.34,20.12
BH2,2026-02-22,27.19,14.21,0.35,15.9
BH2,2026-02-23,13.81,10.62,0.31,10.66
BH2,2026-02-24,24.15,11.15,0.13,10.52
BH2,2026-02-25,26.85,12.71,0.23,15.59
BH2,2026-02-26,21.47,14.63,0.53,11.18
BH2,2026-02-27,20.27,15.57,0.38,10.83
BH2,2026-02-28,32.57,15.68,0.44,12.31
BH2,2026-03-01,19.22,13.42,0.35,12.82
BH2,2026-03-02,24.95,16.78,0.25,12.0
BH2,2026-03-03,28.1,10.27,0.18,17.9
BH2,2026-03-04,23.79,14.96,0.3,14.11
BH2,2026-03-05,19.59,10.68,0.25,11.25
BH2,2026-03-06,17.7,10.59,0.32,17.59
BH2,2026-03-07,16.62,14.83,0.15,18.29
BH2,2026-03-08,15.77,8.92,0.35,17.23
BH2,2026-03-09,14.77,14.02,0.28,15.21
BH2,2026-03-10,24.87,15.51,0.3,10.94
BH2,2026-03-11,25.36,14.65,0.38,14.89
BH2,2026-03-12,25.53,10.8,0.3,16.14
BH2,2026-03-13,22.47,13.89,0.15,13.27
BH2,2026-03-14,29.08,13.54,0.37,15.11
BH2,2026-03-15,31.7,12.84,0.23,15.75
BH2,2026-03-16,24.3,10.94,0.1,11.89
BH2,2026-03-17,20.73,11.81,0.38,12.53
BH2,2026-03-18,18.08,11.42,0.27,12.97
BH2,2026-03-19,17.73,13.34,0.45,8.4
BH2,2026-03-20,19.11,14.04,0.32,13.15
BH2,2026-03-21,33.41,12.01,0.36,18.4
BH2,2026-03-22,18.83,13.1,0.31,20.64
BH2,2026-03-23,28.11,10.85,0.35,15.92
BH2,2026-03-24,22.6,9.79,0.3,16.0
BH2,2026-03-25,18.06,8.91,0.17,14.44
BH2,2026-03-26,13.3,9.67,0.16,10.96
BH2,2026-03-27,18.88,8.15,0.27,10.77
BH2,2026-03-28,24.64,11.66,0.39,17.97
BH2,2026-03-29,19.58,15.87,0.18,18.91
BH2,2026-03-30,28.4,12.49,0.2,13.25
BH2,2026-03-31,19.14,9.88,0.28,13.49
BH2,2026-04-01,23.1,12.65,0.37,9.8
BH2,2026-04-02,15.56,13.85,0.28,14.18
BH2,2026-04-03,21.17,9.97,0.29,12.05
BH2,2026-04-04,16.39,12.13,0.37,15.02
BH2,2026-04-05,26.92,13.54,0.39,20.05
BH2,2026-04-06,21.09,12.87,0.27,9.38
BH2,2026-04-07,12.7,11.29,0.18,17.87
BH2,2026-04-08,16.74,11.75,0.28,9.64
BH2,2026-04-09,17.48,11.34,0.31,12.53
BH2,2026-04-10,21.75,8.75,0.27,18.12
BH2,2026-04-11,19.29,16.9,0.23,12.84
BH2,2026-04-12,24.93,15.75,0.23,9.7
BH2,2026-04-13,25.59,9.61,0.19,14.24
BH2,2026-04-14,18.0,11.81,0.22,11.72
BH2,2026-04-15,16.0,9.09,0.28,18.42
BH2,2026-04-16,20.98,10.47,0.29,9.44
BH2,2026-04-17,27.01,14.0,0.39,14.98
BH2,2026-04-18,30.64,14.77,0.34,14.58
BH2,2026-04-19,26.61,17.97,0.45,13.28
BH2,2026-04-20,14.85,11.64,0.25,13.61
BH2,2026-04-21,19.09,10.03,0.43,12.62
BH2,2026-04-22,20.61,7.85,0.52,9.25
BH2,2026-04-23,19.68,13.33,0.22,13.24
BH2,2026-04-24,26.56,11.05,0.37,10.05
BH2,2026-04-25,26.87,20.08,0.42,20.62
BH2,2026-04-26,29.96,13.65,0.18,12.8
BH2,2026-04-27,19.96,12.61,0.25,16.39
BH2,2026-04-28,20.63,11.71,0.35,10.48
BH2,2026-04-29,16.67,10.36,0.29,13.05
BH2,2026-04-30,20.81,12.11,0.28,19.36
BH2,2026-05-01,15.64,11.07,0.46,10.81
BH2,2026-05-02,17.58,15.82,0.41,12.17
BH2,2026-05-03,24.66,15.99,0.27,17.71
BH2,2026-05-04,23.44,12.9,0.3,7.1
BH2,2026-05-05,11.5,11.52,0.35,16.43
BH2,2026-05-06,19.0,9.12,0.41,14.84
BH2,2026-05-07,18.77,7.11,0.34,16.75
BH2,2026-05-08,26.24,10.65,0.38,12.5
BH2,2026-05-09,27.32,15.04,0.14,15.32
BH2,2026-05-10,16.72,14.35,0.3,16.55
BH2,2026-05-11,22.07,11.69,0.35,16.35
BH2,2026-05-12,18.94,11.94,0.2,12.04
BH2,2026-05-13,25.91,8.6,0.37,16.09
BH2,2026-05-14,20.13,11.49,0.18,15.51
BH2,2026-05-15,17.06,11.85,0.34,8.84
BH2,2026-05-16,23.02,10.96,0.31,19.19
BH2,2026-05-17,25.69,13.39,0.36,12.82
BH2,2026-05-18,22.38,10.55,0.09,16.71
BH2,2026-05-19,18.79,9.34,0.49,13.81
BH2,2026-05-20,14.6,9.12,0.31,16.52
BH2,2026-05-21,18.67,11.64,0.39,11.61
BH2,2026-05-22,19.09,11.36,0.24,11.09
BH2,2026-05-23,27.13,15.89,0.29,15.14
BH2,2026-05-24,22.39,12.13,0.24,9.12
BH2,2026-05-25,12.66,12.83,0.44,10.43
BH2,2026-05-26,19.43,10.77,0.28,12.27
BH2,2026-05-27,21.64,14.2,0.34,14.45
BH2,2026-05-28,19.4,12.79,0.38,11.74
BH2,2026-05-29,21.32,9.52,0.29,9.78
BH2,2026-05-30,34.7,19.92,0.37,17.16
BH2,2026-05-31,23.27,10.38,0.24,17.01
BH2,2026-06-01,6.45,2.73,0.12,3.03
BH2,2026-06-02,5.69,3.43,0.15,4.19
BH2,2026-06-03,4.68,2.97,0.06,4.31
BH2,2026-06-04,5.32,2.76,0.07,2.97
BH2,2026-06-05,4.68,3.96,0.09,4.94
BH2,2026-06-06,5.77,4.5,0.07,5.44
BH2,2026-06-07,7.78,3.58,0.05,4.92
BH2,2026-06-08,5.57,2.5,0.12,3.84
BH2,2026-06-09,5.6,3.01,0.07,3.71
BH2,2026-06-10,5.28,3.69,0.07,4.09
BH2,2026-06-11,4.45,2.93,0.1,3.56
BH2,2026-06-12,6.37,2.87,0.11,3.54
BH2,2026-06-13,5.62,4.5,0.13,4.49
BH2,2026-06-14,5.35,3.47,0.09,4.87
BH2,2026-06-15,7.09,4.06,0.08,4.03
BH2,2026-06-16,6.45,3.12,0.1,4.56
BH2,2026-06-17,4.74,3.27,0.11,2.73
BH2,2026-06-18,3.67,3.25,0.14,3.89
BH2,2026-06-19,5.13,2.89,0.09,4.68
BH2,2026-06-20,7.07,4.71,0.13,5.24
BH2,2026-06-21,4.3,4.22,0.09,3.63
BH2,2026-06-22,5.0,2.85,0.12,2.85
BH2,2026-06-23,4.0,2.59,0.11,2.78
BH2,2026-06-24,3.28,2.73,0.08,3.86
BH2,2026-06-25,6.13,3.17,0.12,3.92
BH2,2026-06-26,5.54,2.21,0.07,2.58
BH2,2026-06-27,4.98,3.86,0.07,5.31
BH2,2026-06-28,9.34,2.69,0.13,4.55
BH2,2026-06-29,5.53,2.22,0.04,3.45
BH2,2026-06-30,6.67,2.88,0.06,3.57
GH1,2026-01-01,23.47,11.5,0.29,14.48
GH1,2026-01-02,19.04,14.02,0.32,11.07
GH1,2026-01-03,27.71,6.61,0.33,13.93
GH1,2026-01-04,19.56,10.95,0.23,13.79
GH1,2026-01-05,16.1,10.21,0.3,9.93
GH1,2026-01-06,15.44,10.11,0.35,9.44
GH1,2026-01-07,14.99,11.37,0.27,10.72
GH1,2026-01-08,16.16,9.03,0.21,15.75
GH1,2026-01-09,16.58,9.5,0.38,10.76
GH1,2026-01-10,30.34,12.39,0.41,15.17
GH1,2026-01-11,28.04,16.79,0.33,13.99
GH1,2026-01-12,16.58,11.73,0.31,10.98
GH1,2026-01-13,23.7,10.39,0.16,12.65
GH1,2026-01-14,18.4,11.9,0.05,8.54
GH1,2026-01-15,25.24,10.68,0.28,14.22
GH1,2026-01-16,15.32,10.14,0.3,9.93
GH1,2026-01-17,20.61,8.26,0.41,12.47
GH1,2026-01-18,19.71,15.92,0.31,15.09
GH1,2026-01-19,17.86,11.06,0.18,17.48
GH1,2026-01-20,14.67,10.26,0.17,17.23
GH1,2026-01-21,14.48,8.83,0.37,12.01
GH1,2026-01-22,12.35,10.92,0.36,12.58
GH1,2026-01-23,16.07,10.05,0.36,17.65
GH1,2026-01-24,21.64,12.6,0.39,17.37
GH1,2026-01-25,27.6,11.35,0.25,12.88
GH1,2026-01-26,15.23,10.2,0.3,8.37
GH1,2026-01-27,19.49,8.8,0.33,14.24
GH1,2026-01-28,17.94,11.92,0.22,13.05
GH1,2026-01-29,15.07,12.27,0.26,11.59
GH1,2026-01-30,15.92,14.69,0.2,12.13
GH1,2026-01-31,22.02,10.35,0.17,13.62
GH1,2026-02-01,27.09,15.92,0.33,10.76
GH1,2026-02-02,19.33,15.74,0.29,10.66
GH1,2026-02-03,17.35,10.08,0.36,11.93
GH1,2026-02-04,25.34,10.36,0.32,10.78
GH1,2026-02-05,24.18,11.81,0.51,13.4
GH1,2026-02-06,17.15,11.6,0.24,17.13
GH1,2026-02-07,9.32,14.25,0.33,13.46
GH1,2026-02-08,29.63,15.41,0.32,10.07
GH1,2026-02-09,16.06,15.72,0.3,17.39
GH1,2026-02-10,14.49,9.08,0.26,14.45
GH1,2026-02-11,24.43,10.13,0.46,15.13
GH1,2026-02-12,18.8,11.27,0.29,13.57
GH1,2026-02-13,17.73,10.43,0.27,12.46
GH1,2026-02-14,25.38,14.5,0.33,17.46
GH1,2026-02-15,23.53,13.02,0.17,14.03
GH1,2026-02-16,21.08,10.29,0.23,21.24
GH1,2026-02-17,23.23,12.73,0.2,12.77
GH1,2026-02-18,16.22,10.49,0.31,14.51
GH1,2026-02-19,21.88,11.05,0.27,12.07
GH1,2026-02-20,20.4,11.72,0.35,12.59
GH1,2026-02-21,23.79,10.15,0.25,20.07
GH1,2026-02-22,13.28,13.36,0.29,14.4
GH1,2026-02-23,12.99,10.91,0.37,15.17
GH1,2026-02-24,19.8,14.26,0.33,8.39
GH1,2026-02-25,22.03,14.13,0.3,12.13
GH1,2026-02-26,22.13,9.85,0.19,11.46
GH1,2026-02-27,19.5,12.17,0.4,14.77
GH1,2026-02-28,8.7,12.9,0.09,15.9
GH1,2026-03-01,24.67,13.75,0.48,17.21
GH1,2026-03-02,16.57,11.31,0.26,11.04
GH1,2026-03-03,25.27,13.97,0.3,18.82
GH1,2026-03-04,19.14,12.69,0.33,16.45
GH1,2026-03-05,26.49,10.57,0.32,19.15
GH1,2026-03-06,16.23,14.33,0.28,13.42
GH1,2026-03-07,18.87,11.03,0.28,13.31
GH1,2026-03-08,27.28,15.09,0.32,14.89
GH1,2026-03-09,16.22,12.4,0.28,13.68
GH1,2026-03-10,23.32,11.9,0.27,19.86
GH1,2026-03-11,17.74,8.48,0.3,13.04
GH1,2026-03-12,21.97,9.03,0.15,16.98
GH1,2026-03-13,23.36,12.82,0.21,13.12
GH1,2026-03-14,24.7,18.41,0.24,18.99
GH1,2026-03-15,19.65,14.21,0.43,20.05
GH1,2026-03-16,20.88,8.36,0.26,11.41
GH1,2026-03-17,19.19,13.57,0.25,18.16
GH1,2026-03-18,15.31,13.01,0.22,13.84
GH1,2026-03-19,17.39,16.54,0.32,10.06
GH1,2026-03-20,16.39,9.26,0.35,12.32
GH1,2026-03-21,26.59,16.41,0.18,21.73
GH1,2026-03-22,19.23,17.24,0.29,22.87
GH1,2026-03-23,18.82,10.48,0.36,11.05
GH1,2026-03-24,15.44,13.18,0.39,16.88
GH1,2026-03-25,23.53,10.0,0.32,11.11
GH1,2026-03-26,27.65,12.66,0.37,15.08
GH1,2026-03-27,19.31,15.4,0.31,17.28
GH1,2026-03-28,23.48,20.99,0.34,15.14
GH1,2026-03-29,19.96,16.56,0.29,12.52
GH1,2026-03-30,19.17,10.78,0.22,17.34
GH1,2026-03-31,18.14,10.28,0.29,15.02
GH1,2026-04-01,20.45,16.27,0.3,18.09
GH1,2026-04-02,23.02,11.04,0.35,14.31
GH1,2026-04-03,23.1,9.79,0.26,12.02
GH1,2026-04-04,30.01,17.96,0.27,12.71
GH1,2026-04-05,19.3,16.69,0.25,16.4
GH1,2026-04-06,22.49,13.51,0.15,13.09
GH1,2026-04-07,21.6,7.51,0.21,16.2
GH1,2026-04-08,15.84,14.29,0.34,16.99
GH1,2026-04-09,20.76,12.07,0.22,11.39
GH1,2026-04-10,19.24,12.26,0.33,10.93
GH1,2026-04-11,24.84,11.47,0.23,9.84
GH1,2026-04-12,32.08,14.73,0.41,11.3
GH1,2026-04-13,18.24,9.39,0.27,15.45
GH1,2026-04-14,19.66,10.51,0.37,13.63
GH1,2026-04-15,17.57,13.29,0.33,9.28
GH1,2026-04-16,23.88,13.98,0.25,13.68
GH1,2026-04-17,10.86,7.27,0.28,15.71
GH1,2026-04-18,20.8,12.13,0.35,19.84
GH1,2026-04-19,29.13,15.86,0.2,13.75
GH1,2026-04-20,18.88,8.91,0.3,12.38
GH1,2026-04-21,18.29,11.12,0.2,17.64
GH1,2026-04-22,20.91,13.27,0.31,10.78
GH1,2026-04-23,25.34,12.61,0.29,12.83
GH1,2026-04-24,20.62,9.41,0.33,14.14
GH1,2026-04-25,18.08,13.13,0.24,14.94
GH1,2026-04-26,24.0,14.14,0.22,14.12
GH1,2026-04-27,25.75,8.42,0.21,12.15
GH1,2026-04-28,15.08,10.38,0.3,12.31
GH1,2026-04-29,11.92,13.19,0.25,11.91
GH1,2026-04-30,12.48,12.33,0.34,13.57
GH1,2026-05-01,21.09,9.87,0.43,15.41
GH1,2026-05-02,21.51,12.36,0.12,13.6
GH1,2026-05-03,23.42,12.69,0.14,17.78
GH1,2026-05-04,34.74,5.98,0.4,16.33
GH1,2026-05-05,19.92,11.42,0.35,16.12
GH1,2026-05-06,23.28,10.19,0.22,14.85
GH1,2026-05-07,24.68,13.35,0.15,15.98
GH1,2026-05-08,20.54,11.98,0.17,13.26
GH1,2026-05-09,23.98,12.55,0.34,14.95
GH1,2026-05-10,14.16,11.15,0.35,12.18
GH1,2026-05-11,17.53,13.27,0.3,14.49
GH1,2026-05-12,24.12,8.38,0.22,11.2
GH1,2026-05-13,19.58,8.57,0.44,9.21
GH1,2026-05-14,22.6,13.6,0.11,9.26
GH1,2026-05-15,18.01,11.54,0.25,11.08
GH1,2026-05-16,22.85,10.96,0.1,13.6
GH1,2026-05-17,17.46,13.26,0.23,12.16
GH1,2026-05-18,18.67,8.64,0.13,12.86
GH1,2026-05-19,14.83,11.86,0.34,10.84
GH1,2026-05-20,24.19,12.13,0.22,16.62
GH1,2026-05-21,6.61,13.25,0.35,11.19
GH1,2026-05-22,16.59,10.04,0.28,8.71
GH1,2026-05-23,24.56,15.81,0.41,13.91
GH1,2026-05-24,24.11,15.99,0.29,20.22
GH1,2026-05-25,15.55,9.89,0.17,14.5
GH1,2026-05-26,15.72,12.59,0.36,17.35
GH1,2026-05-27,21.0,10.98,0.17,14.05
GH1,2026-05-28,24.74,14.04,0.27,13.11
GH1,2026-05-29,23.5,11.09,0.37,16.94
GH1,2026-05-30,25.6,8.36,0.41,13.44
GH1,2026-05-31,18.53,10.82,0.3,14.45
GH1,2026-06-01,4.47,2.36,0.08,3.6
GH1,2026-06-02,7.53,3.85,0.08,4.8
GH1,2026-06-03,5.34,4.36,0.1,3.87
GH1,2026-06-04,5.73,2.61,0.14,3.32
GH1,2026-06-05,4.98,3.48,0.05,3.61
GH1,2026-06-06,5.95,2.52,0.08,4.44
GH1,2026-06-07,7.05,2.63,0.05,5.19
GH1,2026-06-08,7.41,2.37,0.06,3.11
GH1,2026-06-09,4.3,2.75,0.07,3.87
GH1,2026-06-10,5.19,3.15,0.13,4.37
GH1,2026-06-11,5.06,3.36,0.15,2.34
GH1,2026-06-12,5.15,2.79,0.1,3.14
GH1,2026-06-13,7.39,4.98,0.05,4.24
GH1,2026-06-14,5.98,3.61,0.06,4.08
GH1,2026-06-15,6.19,3.04,0.12,4.32
GH1,2026-06-16,4.98,3.13,0.05,3.39
GH1,2026-06-17,7.08,2.67,0.09,2.87
GH1,2026-06-18,4.16,3.69,0.09,3.62
GH1,2026-06-19,4.5,2.87,0.09,2.82
GH1,2026-06-20,7.72,3.42,0.07,3.51
GH1,2026-06-21,6.22,3.24,0.09,5.54
GH1,2026-06-22,6.02,3.05,0.08,4.13
GH1,2026-06-23,4.31,2.71,0.09,3.08
GH1,2026-06-24,5.23,1.97,0.1,5.93
GH1,2026-06-25,5.78,3.1,0.06,2.95
GH1,2026-06-26,4.53,2.36,0.1,3.2
GH1,2026-06-27,5.89,5.28,0.07,4.97
GH1,2026-06-28,7.15,4.41,0.09,4.83
GH1,2026-06-29,4.2,2.84,0.1,5.2
GH1,2026-06-30,5.17,3.08,0.09,5.06
MWS,2026-01-01,3.71,9.03,2.41,11.58
MWS,2026-01-02,3.59,8.08,2.04,8.38
MWS,2026-01-03,1.04,3.78,4.47,5.44
MWS,2026-01-04,1.53,4.01,3.3,4.5
MWS,2026-01-05,2.93,8.77,3.49,10.67
MWS,2026-01-06,1.76,7.22,3.22,10.38
MWS,2026-01-07,3.76,7.18,3.29,13.39
MWS,2026-01-08,3.21,8.28,3.92,8.04
MWS,2026-01-09,2.99,5.94,2.93,12.99
MWS,2026-01-10,1.27,2.65,3.95,4.59
MWS,2026-01-11,1.1,4.05,3.35,5.7
MWS,2026-01-12,3.15,9.97,1.28,8.26
MWS,2026-01-13,3.0,9.15,2.83,9.83
MWS,2026-01-14,3.18,9.76,2.72,10.46
MWS,2026-01-15,3.5,12.13,2.61,13.61
MWS,2026-01-16,2.74,9.58,2.09,12.6
MWS,2026-01-17,1.42,4.21,2.04,4.17
MWS,2026-01-18,1.12,3.1,1.82,3.78
MWS,2026-01-19,3.62,8.36,4.53,11.03
MWS,2026-01-20,3.81,7.48,1.6,11.43
MWS,2026-01-21,3.71,8.74,3.12,13.42
MWS,2026-01-22,3.19,7.25,4.55,14.95
MWS,2026-01-23,4.22,10.26,2.87,12.12
MWS,2026-01-24,1.31,3.14,1.66,4.64
MWS,2026-01-25,1.54,3.48,4.25,4.94
MWS,2026-01-26,2.39,10.64,2.62,8.25
MWS,2026-01-27,2.79,11.66,4.58,10.0
MWS,2026-01-28,3.87,9.36,2.71,11.4
MWS,2026-01-29,2.06,7.68,2.93,11.47
MWS,2026-01-30,4.05,12.52,2.33,11.72
MWS,2026-01-31,1.43,1.51,3.53,3.74
MWS,2026-02-01,0.87,3.64,3.84,3.82
MWS,2026-02-02,4.55,7.95,4.81,11.07
MWS,2026-02-03,4.43,8.85,2.91,10.25
MWS,2026-02-04,3.21,8.09,2.78,14.3
MWS,2026-02-05,3.82,6.1,2.84,14.59
MWS,2026-02-06,4.02,7.59,2.59,12.72
MWS,2026-02-07,1.17,2.76,2.99,5.11
MWS,2026-02-08,1.44,3.5,2.63,5.36
MWS,2026-02-09,2.76,10.44,3.73,10.29
MWS,2026-02-10,3.6,10.04,2.9,9.32
MWS,2026-02-11,2.5,7.14,3.74,8.23
MWS,2026-02-12,3.61,8.28,2.06,8.12
MWS,2026-02-13,3.28,11.36,3.07,17.56
MWS,2026-02-14,1.85,2.91,1.95,5.32
MWS,2026-02-15,1.12,3.05,3.54,6.01
MWS,2026-02-16,3.97,9.24,4.04,15.11
MWS,2026-02-17,3.28,7.39,2.38,11.08
MWS,2026-02-18,3.11,9.65,2.06,11.95
MWS,2026-02-19,3.09,9.11,4.26,15.91
MWS,2026-02-20,3.43,11.65,3.22,8.05
MWS,2026-02-21,1.41,2.7,4.16,4.23
MWS,2026-02-22,0.78,2.57,2.45,2.68
MWS,2026-02-23,3.6,11.07,2.58,11.56
MWS,2026-02-24,4.66,7.9,2.45,10.16
MWS,2026-02-25,3.88,7.45,2.94,14.87
MWS,2026-02-26,2.56,10.26,3.98,13.2
MWS,2026-02-27,4.07,7.76,3.83,9.39
MWS,2026-02-28,1.34,2.67,3.1,4.56
MWS,2026-03-01,1.79,2.9,2.74,3.8
MWS,2026-03-02,3.07,6.36,1.92,13.04
MWS,2026-03-03,2.47,5.4,3.7,9.55
MWS,2026-03-04,4.31,8.99,3.02,8.06
MWS,2026-03-05,3.03,8.44,3.81,12.1
MWS,2026-03-06,3.57,8.08,2.95,14.2
MWS,2026-03-07,1.51,3.65,2.48,5.41
MWS,2026-03-08,1.43,4.0,3.24,5.37
MWS,2026-03-09,2.36,9.3,2.22,10.15
MWS,2026-03-10,2.84,9.92,4.31,14.58
MWS,2026-03-11,3.97,12.19,3.0,9.32
MWS,2026-03-12,3.33,10.03,4.01,14.49
MWS,2026-03-13,2.25,5.42,2.77,13.7
MWS,2026-03-14,1.26,3.32,2.48,4.21
MWS,2026-03-15,1.49,2.23,3.88,5.27
MWS,2026-03-16,2.43,9.7,3.33,9.16
MWS,2026-03-17,3.09,8.31,1.2,9.92
MWS,2026-03-18,4.09,7.41,3.06,12.45
MWS,2026-03-19,2.81,11.13,2.65,10.6
MWS,2026-03-20,3.52,15.66,3.81,11.61
MWS,2026-03-21,1.22,4.54,4.41,5.2
MWS,2026-03-22,1.41,4.45,3.76,4.3
MWS,2026-03-23,3.94,8.07,3.29,7.72
MWS,2026-03-24,4.1,7.45,3.75,10.37
MWS,2026-03-25,2.84,7.01,3.03,13.26
MWS,2026-03-26,2.49,8.12,3.53,10.48
MWS,2026-03-27,5.07,7.0,3.25,13.61
MWS,2026-03-28,1.1,4.8,4.02,4.09
MWS,2026-03-29,1.61,3.37,1.72,5.27
MWS,2026-03-30,3.54,9.0,3.02,11.91
MWS,2026-03-31,2.86,7.61,2.98,12.54
MWS,2026-04-01,3.75,10.17,4.11,8.7
MWS,2026-04-02,3.86,10.24,3.06,12.77
MWS,2026-04-03,3.02,8.07,3.97,12.32
MWS,2026-04-04,1.52,3.29,2.72,4.04
MWS,2026-04-05,1.29,4.27,2.29,4.06
MWS,2026-04-06,3.46,10.97,3.25,7.51
MWS,2026-04-07,4.86,10.78,3.33,9.55
MWS,2026-04-08,3.94,10.54,3.41,8.87
MWS,2026-04-09,2.39,9.9,3.56,13.41
MWS,2026-04-10,3.16,5.44,2.51,11.56
MWS,2026-04-11,0.64,4.27,4.04,2.82
MWS,2026-04-12,1.11,3.12,2.47,5.11
MWS,2026-04-13,3.02,8.09,2.73,16.91
MWS,2026-04-14,5.01,11.3,2.88,8.97
MWS,2026-04-15,2.71,9.92,2.09,8.82
MWS,2026-04-16,3.31,9.14,3.51,13.6
MWS,2026-04-17,3.99,6.91,2.33,14.82
MWS,2026-04-18,1.42,4.6,2.78,4.14
MWS,2026-04-19,0.67,4.61,3.19,4.6
MWS,2026-04-20,2.32,10.15,3.11,11.15
MWS,2026-04-21,3.13,4.09,2.67,8.87
MWS,2026-04-22,3.9,8.71,2.34,13.2
MWS,2026-04-23,2.66,10.84,3.82,9.74
MWS,2026-04-24,3.58,6.7,4.1,13.84
MWS,2026-04-25,1.35,3.43,3.68,2.75
MWS,2026-04-26,1.29,3.46,2.46,5.61
MWS,2026-04-27,3.36,8.29,0.69,12.2
MWS,2026-04-28,3.16,8.76,3.42,8.49
MWS,2026-04-29,3.25,8.45,3.3,9.31
MWS,2026-04-30,3.06,11.3,2.18,13.78
MWS,2026-05-01,3.93,14.47,3.63,11.26
MWS,2026-05-02,1.58,3.17,3.29,3.61
MWS,2026-05-03,1.82,2.72,3.52,4.54
MWS,2026-05-04,2.57,6.98,2.0,9.13
MWS,2026-05-05,3.23,9.18,3.22,11.29
MWS,2026-05-06,3.87,8.9,3.68,12.02
MWS,2026-05-07,3.61,9.79,3.18,7.96
MWS,2026-05-08,3.79,11.36,2.02,12.65
MWS,2026-05-09,1.3,3.71,4.04,5.09
MWS,2026-05-10,1.12,2.89,2.46,3.92
MWS,2026-05-11,3.27,8.17,2.59,9.38
MWS,2026-05-12,3.32,7.02,3.66,11.04
MWS,2026-05-13,2.15,9.34,3.6,13.38
MWS,2026-05-14,2.71,6.91,3.54,9.95
MWS,2026-05-15,3.47,9.96,2.93,11.06
MWS,2026-05-16,1.03,3.7,3.39,3.9
MWS,2026-05-17,1.33,3.7,3.53,3.43
MWS,2026-05-18,2.61,6.86,2.54,4.34
MWS,2026-05-19,3.79,9.76,1.88,10.03
MWS,2026-05-20,3.6,9.78,2.93,14.04
MWS,2026-05-21,3.8,9.78,4.18,9.53
MWS,2026-05-22,2.54,7.65,2.16,11.08
MWS,2026-05-23,1.13,3.59,3.4,3.81
MWS,2026-05-24,1.32,2.92,3.42,2.92
MWS,2026-05-25,3.44,8.08,2.34,8.45
MWS,2026-05-26,2.7,12.19,2.66,10.54
MWS,2026-05-27,3.22,9.18,2.86,11.14
MWS,2026-05-28,3.96,9.79,5.35,11.21
MWS,2026-05-29,2.71,9.02,2.11,12.88
MWS,2026-05-30,1.28,3.73,1.81,3.47
MWS,2026-05-31,0.91,4.07,2.41,4.16
MWS,2026-06-01,1.17,2.22,1.1,2.84
MWS,2026-06-02,1.07,2.22,1.2,3.72
MWS,2026-06-03,0.66,2.71,1.25,2.78
MWS,2026-06-04,0.77,1.7,0.97,2.87
MWS,2026-06-05,0.88,2.34,1.04,3.36
MWS,2026-06-06,0.53,1.09,1.27,1.2
MWS,2026-06-07,0.39,0.93,0.75,1.32
MWS,2026-06-08,0.93,1.59,1.2,2.08
MWS,2026-06-09,0.87,2.27,0.73,2.51
MWS,2026-06-10,0.91,2.42,0.86,2.19
MWS,2026-06-11,0.81,2.21,0.73,3.56
MWS,2026-06-12,0.64,2.19,0.54,2.37
MWS,2026-06-13,0.35,1.12,1.28,1.07
MWS,2026-06-14,0.22,1.13,1.24,0.9
MWS,2026-06-15,0.98,2.48,0.64,1.57
MWS,2026-06-16,0.76,1.96,0.49,3.01
MWS,2026-06-17,0.61,2.59,1.58,3.29
MWS,2026-06-18,1.28,3.07,0.67,3.3
MWS,2026-06-19,1.06,1.83,0.58,3.65
MWS,2026-06-20,0.19,1.08,0.98,1.57
MWS,2026-06-21,0.46,0.92,0.51,1.31
MWS,2026-06-22,0.84,1.79,0.85,2.95
MWS,2026-06-23,0.69,2.04,1.13,3.15
MWS,2026-06-24,0.54,3.34,0.76,3.3
MWS,2026-06-25,1.18,2.28,1.12,2.26
MWS,2026-06-26,0.45,2.72,1.02,2.89
MWS,2026-06-27,0.29,0.83,0.41,0.89
MWS,2026-06-28,0.28,0.76,0.81,1.71
MWS,2026-06-29,0.85,1.56,0.79,2.61
MWS,2026-06-30,1.01,2.93,1.15,3.21
OCT,2026-01-01,25.52,5.7,0.09,8.11
OCT,2026-01-02,32.26,5.36,0.11,6.62
OCT,2026-01-03,14.93,2.14,0.11,2.95
OCT,2026-01-04,9.64,2.9,0.06,3.43
OCT,2026-01-05,27.26,4.23,0.12,7.17
OCT,2026-01-06,36.98,5.79,0.1,4.61
OCT,2026-01-07,17.55,6.83,0.09,8.19
OCT,2026-01-08,25.29,5.16,0.15,7.43
OCT,2026-01-09,17.86,7.93,0.11,8.13
OCT,2026-01-10,14.69,2.76,0.05,4.06
OCT,2026-01-11,12.0,1.72,0.03,3.33
OCT,2026-01-12,24.05,5.75,0.08,8.0
OCT,2026-01-13,37.01,5.03,0.14,6.21
OCT,2026-01-14,34.97,5.25,0.05,10.29
OCT,2026-01-15,25.86,5.07,0.05,7.65
OCT,2026-01-16,33.03,4.86,0.06,7.61
OCT,2026-01-17,12.43,2.19,0.13,4.5
OCT,2026-01-18,8.97,2.15,0.08,3.07
OCT,2026-01-19,21.97,5.75,0.07,7.61
OCT,2026-01-20,17.55,6.53,0.09,9.19
OCT,2026-01-21,34.05,6.65,0.09,7.7
OCT,2026-01-22,26.27,4.45,0.13,8.37
OCT,2026-01-23,22.76,6.08,0.11,6.16
OCT,2026-01-24,11.73,3.06,0.1,3.93
OCT,2026-01-25,13.83,2.58,0.05,2.11
OCT,2026-01-26,30.92,6.57,0.06,10.24
OCT,2026-01-27,22.76,5.02,0.08,11.65
OCT,2026-01-28,20.17,4.63,0.12,7.16
OCT,2026-01-29,35.81,5.43,0.13,9.02
OCT,2026-01-30,28.23,6.52,0.12,10.87
OCT,2026-01-31,10.12,2.29,0.04,2.64
OCT,2026-02-01,9.35,1.88,0.11,2.77
OCT,2026-02-02,28.83,5.69,0.1,9.33
OCT,2026-02-03,28.91,7.85,0.1,8.82
OCT,2026-02-04,19.45,4.08,0.14,10.64
OCT,2026-02-05,33.53,7.25,0.11,12.3
OCT,2026-02-06,22.36,3.79,0.1,9.62
OCT,2026-02-07,12.24,2.77,0.1,4.19
OCT,2026-02-08,11.04,1.88,0.11,4.09
OCT,2026-02-09,28.28,5.61,0.08,7.39
OCT,2026-02-10,32.1,4.68,0.07,9.37
OCT,2026-02-11,22.85,5.61,0.14,9.09
OCT,2026-02-12,20.34,5.64,0.05,4.51
OCT,2026-02-13,21.68,7.29,0.08,12.21
OCT,2026-02-14,13.36,3.02,0.03,4.23
OCT,2026-02-15,10.7,2.65,0.09,3.63
OCT,2026-02-16,27.53,5.78,0.14,9.78
OCT,2026-02-17,27.34,4.46,0.09,7.12
OCT,2026-02-18,23.8,6.68,0.11,12.27
OCT,2026-02-19,26.32,5.69,0.1,8.93
OCT,2026-02-20,20.58,5.18,0.12,9.8
OCT,2026-02-21,11.95,2.92,0.15,4.21
OCT,2026-02-22,16.43,2.61,0.08,3.27
OCT,2026-02-23,30.94,5.01,0.13,4.72
OCT,2026-02-24,24.76,6.36,0.1,6.48
OCT,2026-02-25,29.38,6.67,0.05,11.42
OCT,2026-02-26,24.08,5.37,0.06,9.15
OCT,2026-02-27,49.33,5.3,0.1,7.53
OCT,2026-02-28,8.65,2.33,0.08,3.8
OCT,2026-03-01,9.73,2.35,0.03,2.13
OCT,2026-03-02,34.9,5.33,0.08,8.04
OCT,2026-03-03,29.49,5.2,0.06,10.11
OCT,2026-03-04,26.81,3.71,0.1,7.52
OCT,2026-03-05,24.98,4.74,0.13,9.09
OCT,2026-03-06,27.03,5.81,0.08,7.24
OCT,2026-03-07,11.15,1.71,0.11,3.98
OCT,2026-03-08,8.58,1.76,0.08,4.81
OCT,2026-03-09,28.44,6.28,0.03,7.52
OCT,2026-03-10,30.07,7.26,0.14,9.91
OCT,2026-03-11,37.63,8.0,0.1,10.58
OCT,2026-03-12,21.11,7.53,0.13,10.51
OCT,2026-03-13,28.75,6.97,0.13,7.5
OCT,2026-03-14,11.98,2.49,0.09,4.6
OCT,2026-03-15,16.0,2.86,0.07,3.71
OCT,2026-03-16,25.73,5.3,0.09,11.23
OCT,2026-03-17,23.32,4.93,0.11,12.67
OCT,2026-03-18,37.19,6.36,0.07,9.99
OCT,2026-03-19,34.68,7.29,0.14,11.88
OCT,2026-03-20,33.88,6.33,0.12,12.03
OCT,2026-03-21,13.09,1.96,0.12,2.85
OCT,2026-03-22,11.57,1.79,0.13,4.03
OCT,2026-03-23,34.08,6.45,0.09,10.23
OCT,2026-03-24,29.79,6.01,0.11,9.01
OCT,2026-03-25,27.16,5.13,0.11,8.26
OCT,2026-03-26,31.75,6.56,0.16,10.6
OCT,2026-03-27,19.94,6.33,0.14,8.42
OCT,2026-03-28,13.53,2.53,0.14,4.13
OCT,2026-03-29,11.62,2.39,0.11,3.67
OCT,2026-03-30,22.3,6.26,0.13,10.76
OCT,2026-03-31,28.57,5.49,0.08,7.4
OCT,2026-04-01,31.92,5.93,0.09,9.93
OCT,2026-04-02,31.93,7.73,0.06,7.37
OCT,2026-04-03,44.17,5.57,0.11,9.79
OCT,2026-04-04,9.65,1.97,0.08,2.44
OCT,2026-04-05,13.64,3.01,0.08,4.7
OCT,2026-04-06,31.08,7.41,0.11,10.84
OCT,2026-04-07,31.13,4.95,0.11,9.97
OCT,2026-04-08,36.9,6.26,0.07,8.39
OCT,2026-04-09,33.25,5.2,0.1,9.28
OCT,2026-04-10,18.68,6.03,0.14,4.97
OCT,2026-04-11,10.85,1.67,0.11,3.76
OCT,2026-04-12,12.05,2.54,0.08,2.6
OCT,2026-04-13,26.8,4.74,0.1,8.75
OCT,2026-04-14,24.35,5.8,0.13,11.21
OCT,2026-04-15,27.88,6.61,0.05,7.83
OCT,2026-04-16,10.7,4.25,0.11,8.2
OCT,2026-04-17,20.02,6.13,0.08,11.32
OCT,2026-04-18,6.04,2.58,0.18,5.41
OCT,2026-04-19,12.99,2.8,0.09,3.28
OCT,2026-04-20,27.45,4.74,0.03,8.57
OCT,2026-04-21,25.66,4.39,0.08,9.71
OCT,2026-04-22,38.99,5.92,0.1,8.98
OCT,2026-04-23,29.67,5.29,0.1,7.37
OCT,2026-04-24,29.21,6.74,0.08,5.23
OCT,2026-04-25,11.3,2.05,0.1,3.06
OCT,2026-04-26,11.73,1.87,0.16,3.26
OCT,2026-04-27,11.97,5.97,0.08,8.7
OCT,2026-04-28,23.04,6.26,0.08,10.82
OCT,2026-04-29,36.82,5.34,0.04,9.81
OCT,2026-04-30,17.98,5.1,0.13,9.21
OCT,2026-05-01,19.66,4.61,0.08,7.25
OCT,2026-05-02,11.71,2.18,0.06,1.96
OCT,2026-05-03,11.86,2.1,0.09,2.92
OCT,2026-05-04,26.54,5.17,0.07,7.2
OCT,2026-05-05,23.22,4.16,0.1,8.95
OCT,2026-05-06,28.59,3.97,0.04,9.12
OCT,2026-05-07,32.09,2.92,0.13,8.53
OCT,2026-05-08,37.45,5.76,0.04,10.75
OCT,2026-05-09,9.3,2.28,0.1,3.7
OCT,2026-05-10,14.06,2.18,0.15,3.07
OCT,2026-05-11,28.07,6.9,0.11,10.92
OCT,2026-05-12,23.67,5.14,0.13,10.65
OCT,2026-05-13,31.92,6.31,0.11,6.65
OCT,2026-05-14,23.57,4.41,0.13,6.86
OCT,2026-05-15,13.49,5.63,0.1,9.67
OCT,2026-05-16,12.75,2.15,0.09,3.41
OCT,2026-05-17,11.38,1.95,0.08,4.21
OCT,2026-05-18,28.75,4.69,0.08,8.87
OCT,2026-05-19,18.25,5.7,0.1,8.48
OCT,2026-05-20,24.14,4.91,0.1,6.32
OCT,2026-05-21,26.59,5.25,0.11,7.13
OCT,2026-05-22,28.19,5.77,0.12,8.71
OCT,2026-05-23,9.92,2.27,0.12,3.16
OCT,2026-05-24,6.22,2.35,0.13,2.96
OCT,2026-05-25,31.97,5.86,0.05,10.74
OCT,2026-05-26,30.67,5.12,0.13,9.39
OCT,2026-05-27,22.97,6.06,0.07,8.44
OCT,2026-05-28,28.03,6.68,0.11,7.54
OCT,2026-05-29,17.68,5.15,0.18,11.17
OCT,2026-05-30,8.94,2.92,0.14,2.98
OCT,2026-05-31,16.56,2.01,0.13,2.24
OCT,2026-06-01,5.68,1.73,0.03,2.79
OCT,2026-06-02,9.68,1.21,0.03,2.74
OCT,2026-06-03,9.31,1.13,0.02,2.49
OCT,2026-06-04,9.78,1.55,0.02,2.09
OCT,2026-06-05,7.02,0.96,0.03,2.03
OCT,2026-06-06,2.99,0.81,0.04,1.08
OCT,2026-06-07,2.73,0.7,0.02,0.79
OCT,2026-06-08,7.0,1.81,0.02,2.48
OCT,2026-06-09,5.63,1.73,0.04,3.03
OCT,2026-06-10,7.37,1.78,0.02,1.91
OCT,2026-06-11,6.7,1.19,0.03,3.02
OCT,2026-06-12,7.25,1.37,0.04,1.76
OCT,2026-06-13,2.87,0.51,0.03,0.87
OCT,2026-06-14,2.12,0.57,0.03,0.9
OCT,2026-06-15,5.4,1.58,0.03,2.38
OCT,2026-06-16,6.92,1.24,0.03,3.05
OCT,2026-06-17,6.77,1.52,0.03,1.95
OCT,2026-06-18,6.71,1.58,0.02,1.99
OCT,2026-06-19,4.79,1.7,0.02,1.92
OCT,2026-06-20,2.95,0.64,0.02,1.28
OCT,2026-06-21,3.77,0.57,0.03,0.63
OCT,2026-06-22,8.33,1.56,0.01,2.19
OCT,2026-06-23,5.12,1.74,0.02,1.59
OCT,2026-06-24,5.91,1.43,0.03,1.97
OCT,2026-06-25,7.37,1.26,0.03,2.7
OCT,2026-06-26,7.49,1.41,0.03,1.93
OCT,2026-06-27,3.46,0.58,0.04,1.31
OCT,2026-06-28,2.06,0.66,0.03,0.99
OCT,2026-06-29,7.27,1.11,0.03,2.05
OCT,2026-06-30,9.59,1.4,0.03,2.62
